year,site_id,site_name,launches_eff,launches_eff_int,base_2025,alpha_strength,r_post2050,K_carrying,model
2025,FL_US,108.0,108.0,108,108.0,1.15,0.07,30908.374192678333,exp_to_2050_then_logistic_adjusted
2026,FL_US,108.0,110.279,110,108.0,1.15,0.07,30908.374192678333,exp_to_2050_then_logistic_adjusted
2027,FL_US,108.0,112.606,113,108.0,1.15,0.07,30908.374192678333,exp_to_2050_then_logistic_adjusted
2028,FL_US,108.0,114.982,115,108.0,1.15,0.07,30908.374192678333,exp_to_2050_then_logistic_adjusted
2029,FL_US,108.0,117.408,117,108.0,1.15,0.07,30908.374192678333,exp_to_2050_then_logistic_adjusted
2030,FL_US,108.0,119.886,120,108.0,1.15,0.07,30908.374192678333,exp_to_2050_then_logistic_adjusted
2031,FL_US,108.0,122.415,122,108.0,1.15,0.07,30908.374192678333,exp_to_2050_then_logistic_adjusted
2032,FL_US,108.0,124.998,125,108.0,1.15,0.07,30908.374192678333,exp_to_2050_then_logistic_adjusted
2033,FL_US,108.0,127.636,128,108.0,1.15,0.07,30908.374192678333,exp_to_2050_then_logistic_adjusted
2034,FL_US,108.0,130.329,130,108.0,1.15,0.07,30908.374192678333,exp_to_2050_then_logistic_adjusted
2035,FL_US,108.0,133.079,133,108.0,1.15,0.07,30908.374192678333,exp_to_2050_then_logistic_adjusted
2036,FL_US,108.0,135.887,136,108.0,1.15,0.07,30908.374192678333,exp_to_2050_then_logistic_adjusted
2037,FL_US,108.0,138.755,139,108.0,1.15,0.07,30908.374192678333,exp_to_2050_then_logistic_adjusted
2038,FL_US,108.0,141.683,142,108.0,1.15,0.07,30908.374192678333,exp_to_2050_then_logistic_adjusted
2039,FL_US,108.0,144.672,145,108.0,1.15,0.07,30908.374192678333,exp_to_2050_then_logistic_adjusted
2040,FL_US,108.0,147.725,148,108.0,1.15,0.07,30908.374192678333,exp_to_2050_then_logistic_adjusted
2041,FL_US,108.0,150.842,151,108.0,1.15,0.07,30908.374192678333,exp_to_2050_then_logistic_adjusted
2042,FL_US,108.0,154.025,154,108.0,1.15,0.07,30908.374192678333,exp_to_2050_then_logistic_adjusted
2043,FL_US,108.0,157.275,157,108.0,1.15,0.07,30908.374192678333,exp_to_2050_then_logistic_adjusted
2044,FL_US,108.0,160.594,161,108.0,1.15,0.07,30908.374192678333,exp_to_2050_then_logistic_adjusted
2045,FL_US,108.0,163.982,164,108.0,1.15,0.07,30908.374192678333,exp_to_2050_then_logistic_adjusted
2046,FL_US,108.0,167.443,167,108.0,1.15,0.07,30908.374192678333,exp_to_2050_then_logistic_adjusted
2047,FL_US,108.0,170.976,171,108.0,1.15,0.07,30908.374192678333,exp_to_2050_then_logistic_adjusted
2048,FL_US,108.0,174.583,175,108.0,1.15,0.07,30908.374192678333,exp_to_2050_then_logistic_adjusted
2049,FL_US,108.0,178.267,178,108.0,1.15,0.07,30908.374192678333,exp_to_2050_then_logistic_adjusted
2050,FL_US,108.0,182.029,182,108.0,1.15,0.07,30908.374192678333,exp_to_2050_then_logistic_adjusted
2051,FL_US,108.0,194.696,195,108.0,1.15,0.07,30908.374192678333,exp_to_2050_then_logistic_adjusted
2052,FL_US,108.0,208.239,208,108.0,1.15,0.07,30908.374192678333,exp_to_2050_then_logistic_adjusted
2053,FL_US,108.0,222.717,223,108.0,1.15,0.07,30908.374192678333,exp_to_2050_then_logistic_adjusted
2054,FL_US,108.0,238.195,238,108.0,1.15,0.07,30908.374192678333,exp_to_2050_then_logistic_adjusted
2055,FL_US,108.0,254.74,255,108.0,1.15,0.07,30908.374192678333,exp_to_2050_then_logistic_adjusted
2056,FL_US,108.0,272.425,272,108.0,1.15,0.07,30908.374192678333,exp_to_2050_then_logistic_adjusted
2057,FL_US,108.0,291.327,291,108.0,1.15,0.07,30908.374192678333,exp_to_2050_then_logistic_adjusted
2058,FL_US,108.0,311.528,312,108.0,1.15,0.07,30908.374192678333,exp_to_2050_then_logistic_adjusted
2059,FL_US,108.0,333.115,333,108.0,1.15,0.07,30908.374192678333,exp_to_2050_then_logistic_adjusted
2060,FL_US,108.0,356.181,356,108.0,1.15,0.07,30908.374192678333,exp_to_2050_then_logistic_adjusted
2061,FL_US,108.0,380.827,381,108.0,1.15,0.07,30908.374192678333,exp_to_2050_then_logistic_adjusted
2062,FL_US,108.0,407.156,407,108.0,1.15,0.07,30908.374192678333,exp_to_2050_then_logistic_adjusted
2063,FL_US,108.0,435.282,435,108.0,1.15,0.07,30908.374192678333,exp_to_2050_then_logistic_adjusted
2064,FL_US,108.0,465.322,465,108.0,1.15,0.07,30908.374192678333,exp_to_2050_then_logistic_adjusted
2065,FL_US,108.0,497.404,497,108.0,1.15,0.07,30908.374192678333,exp_to_2050_then_logistic_adjusted
2066,FL_US,108.0,531.662,532,108.0,1.15,0.07,30908.374192678333,exp_to_2050_then_logistic_adjusted
2067,FL_US,108.0,568.239,568,108.0,1.15,0.07,30908.374192678333,exp_to_2050_then_logistic_adjusted
2068,FL_US,108.0,607.284,607,108.0,1.15,0.07,30908.374192678333,exp_to_2050_then_logistic_adjusted
2069,FL_US,108.0,648.959,649,108.0,1.15,0.07,30908.374192678333,exp_to_2050_then_logistic_adjusted
2070,FL_US,108.0,693.432,693,108.0,1.15,0.07,30908.374192678333,exp_to_2050_then_logistic_adjusted
2071,FL_US,108.0,740.883,741,108.0,1.15,0.07,30908.374192678333,exp_to_2050_then_logistic_adjusted
2072,FL_US,108.0,791.502,792,108.0,1.15,0.07,30908.374192678333,exp_to_2050_then_logistic_adjusted
2073,FL_US,108.0,845.488,845,108.0,1.15,0.07,30908.374192678333,exp_to_2050_then_logistic_adjusted
2074,FL_US,108.0,903.054,903,108.0,1.15,0.07,30908.374192678333,exp_to_2050_then_logistic_adjusted
2075,FL_US,108.0,964.42,964,108.0,1.15,0.07,30908.374192678333,exp_to_2050_then_logistic_adjusted
2076,FL_US,108.0,1029.823,1030,108.0,1.15,0.07,30908.374192678333,exp_to_2050_then_logistic_adjusted
2077,FL_US,108.0,1099.509,1100,108.0,1.15,0.07,30908.374192678333,exp_to_2050_then_logistic_adjusted
2078,FL_US,108.0,1173.737,1174,108.0,1.15,0.07,30908.374192678333,exp_to_2050_then_logistic_adjusted
2079,FL_US,108.0,1252.778,1253,108.0,1.15,0.07,30908.374192678333,exp_to_2050_then_logistic_adjusted
2080,FL_US,108.0,1336.918,1337,108.0,1.15,0.07,30908.374192678333,exp_to_2050_then_logistic_adjusted
2081,FL_US,108.0,1426.455,1426,108.0,1.15,0.07,30908.374192678333,exp_to_2050_then_logistic_adjusted
2082,FL_US,108.0,1521.698,1522,108.0,1.15,0.07,30908.374192678333,exp_to_2050_then_logistic_adjusted
2083,FL_US,108.0,1622.973,1623,108.0,1.15,0.07,30908.374192678333,exp_to_2050_then_logistic_adjusted
2084,FL_US,108.0,1730.616,1731,108.0,1.15,0.07,30908.374192678333,exp_to_2050_then_logistic_adjusted
2085,FL_US,108.0,1844.976,1845,108.0,1.15,0.07,30908.374192678333,exp_to_2050_then_logistic_adjusted
2086,FL_US,108.0,1966.415,1966,108.0,1.15,0.07,30908.374192678333,exp_to_2050_then_logistic_adjusted
2087,FL_US,108.0,2095.307,2095,108.0,1.15,0.07,30908.374192678333,exp_to_2050_then_logistic_adjusted
2088,FL_US,108.0,2232.035,2232,108.0,1.15,0.07,30908.374192678333,exp_to_2050_then_logistic_adjusted
2089,FL_US,108.0,2376.994,2377,108.0,1.15,0.07,30908.374192678333,exp_to_2050_then_logistic_adjusted
2090,FL_US,108.0,2530.588,2531,108.0,1.15,0.07,30908.374192678333,exp_to_2050_then_logistic_adjusted
2091,FL_US,108.0,2693.226,2693,108.0,1.15,0.07,30908.374192678333,exp_to_2050_then_logistic_adjusted
2092,FL_US,108.0,2865.324,2865,108.0,1.15,0.07,30908.374192678333,exp_to_2050_then_logistic_adjusted
2093,FL_US,108.0,3047.303,3047,108.0,1.15,0.07,30908.374192678333,exp_to_2050_then_logistic_adjusted
2094,FL_US,108.0,3239.584,3240,108.0,1.15,0.07,30908.374192678333,exp_to_2050_then_logistic_adjusted
2095,FL_US,108.0,3442.586,3443,108.0,1.15,0.07,30908.374192678333,exp_to_2050_then_logistic_adjusted
2096,FL_US,108.0,3656.727,3657,108.0,1.15,0.07,30908.374192678333,exp_to_2050_then_logistic_adjusted
2097,FL_US,108.0,3882.414,3882,108.0,1.15,0.07,30908.374192678333,exp_to_2050_then_logistic_adjusted
2098,FL_US,108.0,4120.046,4120,108.0,1.15,0.07,30908.374192678333,exp_to_2050_then_logistic_adjusted
2099,FL_US,108.0,4370.005,4370,108.0,1.15,0.07,30908.374192678333,exp_to_2050_then_logistic_adjusted
2100,FL_US,108.0,4632.656,4633,108.0,1.15,0.07,30908.374192678333,exp_to_2050_then_logistic_adjusted
2025,CA_US,26.0,26.0,26,26.0,1.15,0.07,7440.904898237377,exp_to_2050_then_logistic_adjusted
2026,CA_US,26.0,26.549,27,26.0,1.15,0.07,7440.904898237377,exp_to_2050_then_logistic_adjusted
2027,CA_US,26.0,27.109,27,26.0,1.15,0.07,7440.904898237377,exp_to_2050_then_logistic_adjusted
2028,CA_US,26.0,27.681,28,26.0,1.15,0.07,7440.904898237377,exp_to_2050_then_logistic_adjusted
2029,CA_US,26.0,28.265,28,26.0,1.15,0.07,7440.904898237377,exp_to_2050_then_logistic_adjusted
2030,CA_US,26.0,28.861,29,26.0,1.15,0.07,7440.904898237377,exp_to_2050_then_logistic_adjusted
2031,CA_US,26.0,29.47,29,26.0,1.15,0.07,7440.904898237377,exp_to_2050_then_logistic_adjusted
2032,CA_US,26.0,30.092,30,26.0,1.15,0.07,7440.904898237377,exp_to_2050_then_logistic_adjusted
2033,CA_US,26.0,30.727,31,26.0,1.15,0.07,7440.904898237377,exp_to_2050_then_logistic_adjusted
2034,CA_US,26.0,31.376,31,26.0,1.15,0.07,7440.904898237377,exp_to_2050_then_logistic_adjusted
2035,CA_US,26.0,32.038,32,26.0,1.15,0.07,7440.904898237377,exp_to_2050_then_logistic_adjusted
2036,CA_US,26.0,32.714,33,26.0,1.15,0.07,7440.904898237377,exp_to_2050_then_logistic_adjusted
2037,CA_US,26.0,33.404,33,26.0,1.15,0.07,7440.904898237377,exp_to_2050_then_logistic_adjusted
2038,CA_US,26.0,34.109,34,26.0,1.15,0.07,7440.904898237377,exp_to_2050_then_logistic_adjusted
2039,CA_US,26.0,34.828,35,26.0,1.15,0.07,7440.904898237377,exp_to_2050_then_logistic_adjusted
2040,CA_US,26.0,35.563,36,26.0,1.15,0.07,7440.904898237377,exp_to_2050_then_logistic_adjusted
2041,CA_US,26.0,36.314,36,26.0,1.15,0.07,7440.904898237377,exp_to_2050_then_logistic_adjusted
2042,CA_US,26.0,37.08,37,26.0,1.15,0.07,7440.904898237377,exp_to_2050_then_logistic_adjusted
2043,CA_US,26.0,37.863,38,26.0,1.15,0.07,7440.904898237377,exp_to_2050_then_logistic_adjusted
2044,CA_US,26.0,38.661,39,26.0,1.15,0.07,7440.904898237377,exp_to_2050_then_logistic_adjusted
2045,CA_US,26.0,39.477,39,26.0,1.15,0.07,7440.904898237377,exp_to_2050_then_logistic_adjusted
2046,CA_US,26.0,40.31,40,26.0,1.15,0.07,7440.904898237377,exp_to_2050_then_logistic_adjusted
2047,CA_US,26.0,41.161,41,26.0,1.15,0.07,7440.904898237377,exp_to_2050_then_logistic_adjusted
2048,CA_US,26.0,42.029,42,26.0,1.15,0.07,7440.904898237377,exp_to_2050_then_logistic_adjusted
2049,CA_US,26.0,42.916,43,26.0,1.15,0.07,7440.904898237377,exp_to_2050_then_logistic_adjusted
2050,CA_US,26.0,43.822,44,26.0,1.15,0.07,7440.904898237377,exp_to_2050_then_logistic_adjusted
2051,CA_US,26.0,46.871,47,26.0,1.15,0.07,7440.904898237377,exp_to_2050_then_logistic_adjusted
2052,CA_US,26.0,50.132,50,26.0,1.15,0.07,7440.904898237377,exp_to_2050_then_logistic_adjusted
2053,CA_US,26.0,53.617,54,26.0,1.15,0.07,7440.904898237377,exp_to_2050_then_logistic_adjusted
2054,CA_US,26.0,57.343,57,26.0,1.15,0.07,7440.904898237377,exp_to_2050_then_logistic_adjusted
2055,CA_US,26.0,61.326,61,26.0,1.15,0.07,7440.904898237377,exp_to_2050_then_logistic_adjusted
2056,CA_US,26.0,65.584,66,26.0,1.15,0.07,7440.904898237377,exp_to_2050_then_logistic_adjusted
2057,CA_US,26.0,70.134,70,26.0,1.15,0.07,7440.904898237377,exp_to_2050_then_logistic_adjusted
2058,CA_US,26.0,74.997,75,26.0,1.15,0.07,7440.904898237377,exp_to_2050_then_logistic_adjusted
2059,CA_US,26.0,80.194,80,26.0,1.15,0.07,7440.904898237377,exp_to_2050_then_logistic_adjusted
2060,CA_US,26.0,85.747,86,26.0,1.15,0.07,7440.904898237377,exp_to_2050_then_logistic_adjusted
2061,CA_US,26.0,91.681,92,26.0,1.15,0.07,7440.904898237377,exp_to_2050_then_logistic_adjusted
2062,CA_US,26.0,98.019,98,26.0,1.15,0.07,7440.904898237377,exp_to_2050_then_logistic_adjusted
2063,CA_US,26.0,104.79,105,26.0,1.15,0.07,7440.904898237377,exp_to_2050_then_logistic_adjusted
2064,CA_US,26.0,112.022,112,26.0,1.15,0.07,7440.904898237377,exp_to_2050_then_logistic_adjusted
2065,CA_US,26.0,119.746,120,26.0,1.15,0.07,7440.904898237377,exp_to_2050_then_logistic_adjusted
2066,CA_US,26.0,127.993,128,26.0,1.15,0.07,7440.904898237377,exp_to_2050_then_logistic_adjusted
2067,CA_US,26.0,136.798,137,26.0,1.15,0.07,7440.904898237377,exp_to_2050_then_logistic_adjusted
2068,CA_US,26.0,146.198,146,26.0,1.15,0.07,7440.904898237377,exp_to_2050_then_logistic_adjusted
2069,CA_US,26.0,156.231,156,26.0,1.15,0.07,7440.904898237377,exp_to_2050_then_logistic_adjusted
2070,CA_US,26.0,166.937,167,26.0,1.15,0.07,7440.904898237377,exp_to_2050_then_logistic_adjusted
2071,CA_US,26.0,178.361,178,26.0,1.15,0.07,7440.904898237377,exp_to_2050_then_logistic_adjusted
2072,CA_US,26.0,190.547,191,26.0,1.15,0.07,7440.904898237377,exp_to_2050_then_logistic_adjusted
2073,CA_US,26.0,203.543,204,26.0,1.15,0.07,7440.904898237377,exp_to_2050_then_logistic_adjusted
2074,CA_US,26.0,217.402,217,26.0,1.15,0.07,7440.904898237377,exp_to_2050_then_logistic_adjusted
2075,CA_US,26.0,232.175,232,26.0,1.15,0.07,7440.904898237377,exp_to_2050_then_logistic_adjusted
2076,CA_US,26.0,247.92,248,26.0,1.15,0.07,7440.904898237377,exp_to_2050_then_logistic_adjusted
2077,CA_US,26.0,264.697,265,26.0,1.15,0.07,7440.904898237377,exp_to_2050_then_logistic_adjusted
2078,CA_US,26.0,282.566,283,26.0,1.15,0.07,7440.904898237377,exp_to_2050_then_logistic_adjusted
2079,CA_US,26.0,301.595,302,26.0,1.15,0.07,7440.904898237377,exp_to_2050_then_logistic_adjusted
2080,CA_US,26.0,321.851,322,26.0,1.15,0.07,7440.904898237377,exp_to_2050_then_logistic_adjusted
2081,CA_US,26.0,343.406,343,26.0,1.15,0.07,7440.904898237377,exp_to_2050_then_logistic_adjusted
2082,CA_US,26.0,366.335,366,26.0,1.15,0.07,7440.904898237377,exp_to_2050_then_logistic_adjusted
2083,CA_US,26.0,390.716,391,26.0,1.15,0.07,7440.904898237377,exp_to_2050_then_logistic_adjusted
2084,CA_US,26.0,416.63,417,26.0,1.15,0.07,7440.904898237377,exp_to_2050_then_logistic_adjusted
2085,CA_US,26.0,444.161,444,26.0,1.15,0.07,7440.904898237377,exp_to_2050_then_logistic_adjusted
2086,CA_US,26.0,473.396,473,26.0,1.15,0.07,7440.904898237377,exp_to_2050_then_logistic_adjusted
2087,CA_US,26.0,504.426,504,26.0,1.15,0.07,7440.904898237377,exp_to_2050_then_logistic_adjusted
2088,CA_US,26.0,537.342,537,26.0,1.15,0.07,7440.904898237377,exp_to_2050_then_logistic_adjusted
2089,CA_US,26.0,572.239,572,26.0,1.15,0.07,7440.904898237377,exp_to_2050_then_logistic_adjusted
2090,CA_US,26.0,609.216,609,26.0,1.15,0.07,7440.904898237377,exp_to_2050_then_logistic_adjusted
2091,CA_US,26.0,648.369,648,26.0,1.15,0.07,7440.904898237377,exp_to_2050_then_logistic_adjusted
2092,CA_US,26.0,689.8,690,26.0,1.15,0.07,7440.904898237377,exp_to_2050_then_logistic_adjusted
2093,CA_US,26.0,733.61,734,26.0,1.15,0.07,7440.904898237377,exp_to_2050_then_logistic_adjusted
2094,CA_US,26.0,779.9,780,26.0,1.15,0.07,7440.904898237377,exp_to_2050_then_logistic_adjusted
2095,CA_US,26.0,828.771,829,26.0,1.15,0.07,7440.904898237377,exp_to_2050_then_logistic_adjusted
2096,CA_US,26.0,880.323,880,26.0,1.15,0.07,7440.904898237377,exp_to_2050_then_logistic_adjusted
2097,CA_US,26.0,934.655,935,26.0,1.15,0.07,7440.904898237377,exp_to_2050_then_logistic_adjusted
2098,CA_US,26.0,991.863,992,26.0,1.15,0.07,7440.904898237377,exp_to_2050_then_logistic_adjusted
2099,CA_US,26.0,1052.038,1052,26.0,1.15,0.07,7440.904898237377,exp_to_2050_then_logistic_adjusted
2100,CA_US,26.0,1115.269,1115,26.0,1.15,0.07,7440.904898237377,exp_to_2050_then_logistic_adjusted
2025,VA_US,7.0,7.0,7,7.0,1.05,0.055,1535.8790879695098,exp_to_2050_then_logistic_adjusted
2026,VA_US,7.0,7.135,7,7.0,1.05,0.055,1535.8790879695098,exp_to_2050_then_logistic_adjusted
2027,VA_US,7.0,7.272,7,7.0,1.05,0.055,1535.8790879695098,exp_to_2050_then_logistic_adjusted
2028,VA_US,7.0,7.412,7,7.0,1.05,0.055,1535.8790879695098,exp_to_2050_then_logistic_adjusted
2029,VA_US,7.0,7.555,8,7.0,1.05,0.055,1535.8790879695098,exp_to_2050_then_logistic_adjusted
2030,VA_US,7.0,7.701,8,7.0,1.05,0.055,1535.8790879695098,exp_to_2050_then_logistic_adjusted
2031,VA_US,7.0,7.849,8,7.0,1.05,0.055,1535.8790879695098,exp_to_2050_then_logistic_adjusted
2032,VA_US,7.0,8.0,8,7.0,1.05,0.055,1535.8790879695098,exp_to_2050_then_logistic_adjusted
2033,VA_US,7.0,8.155,8,7.0,1.05,0.055,1535.8790879695098,exp_to_2050_then_logistic_adjusted
2034,VA_US,7.0,8.312,8,7.0,1.05,0.055,1535.8790879695098,exp_to_2050_then_logistic_adjusted
2035,VA_US,7.0,8.472,8,7.0,1.05,0.055,1535.8790879695098,exp_to_2050_then_logistic_adjusted
2036,VA_US,7.0,8.635,9,7.0,1.05,0.055,1535.8790879695098,exp_to_2050_then_logistic_adjusted
2037,VA_US,7.0,8.801,9,7.0,1.05,0.055,1535.8790879695098,exp_to_2050_then_logistic_adjusted
2038,VA_US,7.0,8.971,9,7.0,1.05,0.055,1535.8790879695098,exp_to_2050_then_logistic_adjusted
2039,VA_US,7.0,9.144,9,7.0,1.05,0.055,1535.8790879695098,exp_to_2050_then_logistic_adjusted
2040,VA_US,7.0,9.32,9,7.0,1.05,0.055,1535.8790879695098,exp_to_2050_then_logistic_adjusted
2041,VA_US,7.0,9.499,9,7.0,1.05,0.055,1535.8790879695098,exp_to_2050_then_logistic_adjusted
2042,VA_US,7.0,9.682,10,7.0,1.05,0.055,1535.8790879695098,exp_to_2050_then_logistic_adjusted
2043,VA_US,7.0,9.869,10,7.0,1.05,0.055,1535.8790879695098,exp_to_2050_then_logistic_adjusted
2044,VA_US,7.0,10.059,10,7.0,1.05,0.055,1535.8790879695098,exp_to_2050_then_logistic_adjusted
2045,VA_US,7.0,10.253,10,7.0,1.05,0.055,1535.8790879695098,exp_to_2050_then_logistic_adjusted
2046,VA_US,7.0,10.45,10,7.0,1.05,0.055,1535.8790879695098,exp_to_2050_then_logistic_adjusted
2047,VA_US,7.0,10.652,11,7.0,1.05,0.055,1535.8790879695098,exp_to_2050_then_logistic_adjusted
2048,VA_US,7.0,10.857,11,7.0,1.05,0.055,1535.8790879695098,exp_to_2050_then_logistic_adjusted
2049,VA_US,7.0,11.066,11,7.0,1.05,0.055,1535.8790879695098,exp_to_2050_then_logistic_adjusted
2050,VA_US,7.0,11.279,11,7.0,1.05,0.055,1535.8790879695098,exp_to_2050_then_logistic_adjusted
2051,VA_US,7.0,11.895,12,7.0,1.05,0.055,1535.8790879695098,exp_to_2050_then_logistic_adjusted
2052,VA_US,7.0,12.544,13,7.0,1.05,0.055,1535.8790879695098,exp_to_2050_then_logistic_adjusted
2053,VA_US,7.0,13.229,13,7.0,1.05,0.055,1535.8790879695098,exp_to_2050_then_logistic_adjusted
2054,VA_US,7.0,13.95,14,7.0,1.05,0.055,1535.8790879695098,exp_to_2050_then_logistic_adjusted
2055,VA_US,7.0,14.71,15,7.0,1.05,0.055,1535.8790879695098,exp_to_2050_then_logistic_adjusted
2056,VA_US,7.0,15.512,16,7.0,1.05,0.055,1535.8790879695098,exp_to_2050_then_logistic_adjusted
2057,VA_US,7.0,16.356,16,7.0,1.05,0.055,1535.8790879695098,exp_to_2050_then_logistic_adjusted
2058,VA_US,7.0,17.246,17,7.0,1.05,0.055,1535.8790879695098,exp_to_2050_then_logistic_adjusted
2059,VA_US,7.0,18.184,18,7.0,1.05,0.055,1535.8790879695098,exp_to_2050_then_logistic_adjusted
2060,VA_US,7.0,19.172,19,7.0,1.05,0.055,1535.8790879695098,exp_to_2050_then_logistic_adjusted
2061,VA_US,7.0,20.214,20,7.0,1.05,0.055,1535.8790879695098,exp_to_2050_then_logistic_adjusted
2062,VA_US,7.0,21.311,21,7.0,1.05,0.055,1535.8790879695098,exp_to_2050_then_logistic_adjusted
2063,VA_US,7.0,22.467,22,7.0,1.05,0.055,1535.8790879695098,exp_to_2050_then_logistic_adjusted
2064,VA_US,7.0,23.684,24,7.0,1.05,0.055,1535.8790879695098,exp_to_2050_then_logistic_adjusted
2065,VA_US,7.0,24.967,25,7.0,1.05,0.055,1535.8790879695098,exp_to_2050_then_logistic_adjusted
2066,VA_US,7.0,26.318,26,7.0,1.05,0.055,1535.8790879695098,exp_to_2050_then_logistic_adjusted
2067,VA_US,7.0,27.74,28,7.0,1.05,0.055,1535.8790879695098,exp_to_2050_then_logistic_adjusted
2068,VA_US,7.0,29.238,29,7.0,1.05,0.055,1535.8790879695098,exp_to_2050_then_logistic_adjusted
2069,VA_US,7.0,30.816,31,7.0,1.05,0.055,1535.8790879695098,exp_to_2050_then_logistic_adjusted
2070,VA_US,7.0,32.477,32,7.0,1.05,0.055,1535.8790879695098,exp_to_2050_then_logistic_adjusted
2071,VA_US,7.0,34.225,34,7.0,1.05,0.055,1535.8790879695098,exp_to_2050_then_logistic_adjusted
2072,VA_US,7.0,36.066,36,7.0,1.05,0.055,1535.8790879695098,exp_to_2050_then_logistic_adjusted
2073,VA_US,7.0,38.003,38,7.0,1.05,0.055,1535.8790879695098,exp_to_2050_then_logistic_adjusted
2074,VA_US,7.0,40.041,40,7.0,1.05,0.055,1535.8790879695098,exp_to_2050_then_logistic_adjusted
2075,VA_US,7.0,42.186,42,7.0,1.05,0.055,1535.8790879695098,exp_to_2050_then_logistic_adjusted
2076,VA_US,7.0,44.442,44,7.0,1.05,0.055,1535.8790879695098,exp_to_2050_then_logistic_adjusted
2077,VA_US,7.0,46.816,47,7.0,1.05,0.055,1535.8790879695098,exp_to_2050_then_logistic_adjusted
2078,VA_US,7.0,49.312,49,7.0,1.05,0.055,1535.8790879695098,exp_to_2050_then_logistic_adjusted
2079,VA_US,7.0,51.938,52,7.0,1.05,0.055,1535.8790879695098,exp_to_2050_then_logistic_adjusted
2080,VA_US,7.0,54.698,55,7.0,1.05,0.055,1535.8790879695098,exp_to_2050_then_logistic_adjusted
2081,VA_US,7.0,57.599,58,7.0,1.05,0.055,1535.8790879695098,exp_to_2050_then_logistic_adjusted
2082,VA_US,7.0,60.648,61,7.0,1.05,0.055,1535.8790879695098,exp_to_2050_then_logistic_adjusted
2083,VA_US,7.0,63.852,64,7.0,1.05,0.055,1535.8790879695098,exp_to_2050_then_logistic_adjusted
2084,VA_US,7.0,67.218,67,7.0,1.05,0.055,1535.8790879695098,exp_to_2050_then_logistic_adjusted
2085,VA_US,7.0,70.753,71,7.0,1.05,0.055,1535.8790879695098,exp_to_2050_then_logistic_adjusted
2086,VA_US,7.0,74.465,74,7.0,1.05,0.055,1535.8790879695098,exp_to_2050_then_logistic_adjusted
2087,VA_US,7.0,78.362,78,7.0,1.05,0.055,1535.8790879695098,exp_to_2050_then_logistic_adjusted
2088,VA_US,7.0,82.452,82,7.0,1.05,0.055,1535.8790879695098,exp_to_2050_then_logistic_adjusted
2089,VA_US,7.0,86.743,87,7.0,1.05,0.055,1535.8790879695098,exp_to_2050_then_logistic_adjusted
2090,VA_US,7.0,91.245,91,7.0,1.05,0.055,1535.8790879695098,exp_to_2050_then_logistic_adjusted
2091,VA_US,7.0,95.965,96,7.0,1.05,0.055,1535.8790879695098,exp_to_2050_then_logistic_adjusted
2092,VA_US,7.0,100.913,101,7.0,1.05,0.055,1535.8790879695098,exp_to_2050_then_logistic_adjusted
2093,VA_US,7.0,106.099,106,7.0,1.05,0.055,1535.8790879695098,exp_to_2050_then_logistic_adjusted
2094,VA_US,7.0,111.531,112,7.0,1.05,0.055,1535.8790879695098,exp_to_2050_then_logistic_adjusted
2095,VA_US,7.0,117.22,117,7.0,1.05,0.055,1535.8790879695098,exp_to_2050_then_logistic_adjusted
2096,VA_US,7.0,123.175,123,7.0,1.05,0.055,1535.8790879695098,exp_to_2050_then_logistic_adjusted
2097,VA_US,7.0,129.407,129,7.0,1.05,0.055,1535.8790879695098,exp_to_2050_then_logistic_adjusted
2098,VA_US,7.0,135.924,136,7.0,1.05,0.055,1535.8790879695098,exp_to_2050_then_logistic_adjusted
2099,VA_US,7.0,142.738,143,7.0,1.05,0.055,1535.8790879695098,exp_to_2050_then_logistic_adjusted
2100,VA_US,7.0,149.859,150,7.0,1.05,0.055,1535.8790879695098,exp_to_2050_then_logistic_adjusted
2025,AK_US,4.0,4.0,4,4.0,1.05,0.055,839.4867064678066,exp_to_2050_then_logistic_adjusted
2026,AK_US,4.0,4.077,4,4.0,1.05,0.055,839.4867064678066,exp_to_2050_then_logistic_adjusted
2027,AK_US,4.0,4.156,4,4.0,1.05,0.055,839.4867064678066,exp_to_2050_then_logistic_adjusted
2028,AK_US,4.0,4.236,4,4.0,1.05,0.055,839.4867064678066,exp_to_2050_then_logistic_adjusted
2029,AK_US,4.0,4.317,4,4.0,1.05,0.055,839.4867064678066,exp_to_2050_then_logistic_adjusted
2030,AK_US,4.0,4.4,4,4.0,1.05,0.055,839.4867064678066,exp_to_2050_then_logistic_adjusted
2031,AK_US,4.0,4.485,4,4.0,1.05,0.055,839.4867064678066,exp_to_2050_then_logistic_adjusted
2032,AK_US,4.0,4.572,5,4.0,1.05,0.055,839.4867064678066,exp_to_2050_then_logistic_adjusted
2033,AK_US,4.0,4.66,5,4.0,1.05,0.055,839.4867064678066,exp_to_2050_then_logistic_adjusted
2034,AK_US,4.0,4.75,5,4.0,1.05,0.055,839.4867064678066,exp_to_2050_then_logistic_adjusted
2035,AK_US,4.0,4.841,5,4.0,1.05,0.055,839.4867064678066,exp_to_2050_then_logistic_adjusted
2036,AK_US,4.0,4.934,5,4.0,1.05,0.055,839.4867064678066,exp_to_2050_then_logistic_adjusted
2037,AK_US,4.0,5.029,5,4.0,1.05,0.055,839.4867064678066,exp_to_2050_then_logistic_adjusted
2038,AK_US,4.0,5.126,5,4.0,1.05,0.055,839.4867064678066,exp_to_2050_then_logistic_adjusted
2039,AK_US,4.0,5.225,5,4.0,1.05,0.055,839.4867064678066,exp_to_2050_then_logistic_adjusted
2040,AK_US,4.0,5.326,5,4.0,1.05,0.055,839.4867064678066,exp_to_2050_then_logistic_adjusted
2041,AK_US,4.0,5.428,5,4.0,1.05,0.055,839.4867064678066,exp_to_2050_then_logistic_adjusted
2042,AK_US,4.0,5.533,6,4.0,1.05,0.055,839.4867064678066,exp_to_2050_then_logistic_adjusted
2043,AK_US,4.0,5.639,6,4.0,1.05,0.055,839.4867064678066,exp_to_2050_then_logistic_adjusted
2044,AK_US,4.0,5.748,6,4.0,1.05,0.055,839.4867064678066,exp_to_2050_then_logistic_adjusted
2045,AK_US,4.0,5.859,6,4.0,1.05,0.055,839.4867064678066,exp_to_2050_then_logistic_adjusted
2046,AK_US,4.0,5.972,6,4.0,1.05,0.055,839.4867064678066,exp_to_2050_then_logistic_adjusted
2047,AK_US,4.0,6.087,6,4.0,1.05,0.055,839.4867064678066,exp_to_2050_then_logistic_adjusted
2048,AK_US,4.0,6.204,6,4.0,1.05,0.055,839.4867064678066,exp_to_2050_then_logistic_adjusted
2049,AK_US,4.0,6.324,6,4.0,1.05,0.055,839.4867064678066,exp_to_2050_then_logistic_adjusted
2050,AK_US,4.0,6.445,6,4.0,1.05,0.055,839.4867064678066,exp_to_2050_then_logistic_adjusted
2051,AK_US,4.0,6.797,7,4.0,1.05,0.055,839.4867064678066,exp_to_2050_then_logistic_adjusted
2052,AK_US,4.0,7.168,7,4.0,1.05,0.055,839.4867064678066,exp_to_2050_then_logistic_adjusted
2053,AK_US,4.0,7.559,8,4.0,1.05,0.055,839.4867064678066,exp_to_2050_then_logistic_adjusted
2054,AK_US,4.0,7.971,8,4.0,1.05,0.055,839.4867064678066,exp_to_2050_then_logistic_adjusted
2055,AK_US,4.0,8.405,8,4.0,1.05,0.055,839.4867064678066,exp_to_2050_then_logistic_adjusted
2056,AK_US,4.0,8.863,9,4.0,1.05,0.055,839.4867064678066,exp_to_2050_then_logistic_adjusted
2057,AK_US,4.0,9.345,9,4.0,1.05,0.055,839.4867064678066,exp_to_2050_then_logistic_adjusted
2058,AK_US,4.0,9.853,10,4.0,1.05,0.055,839.4867064678066,exp_to_2050_then_logistic_adjusted
2059,AK_US,4.0,10.389,10,4.0,1.05,0.055,839.4867064678066,exp_to_2050_then_logistic_adjusted
2060,AK_US,4.0,10.953,11,4.0,1.05,0.055,839.4867064678066,exp_to_2050_then_logistic_adjusted
2061,AK_US,4.0,11.548,12,4.0,1.05,0.055,839.4867064678066,exp_to_2050_then_logistic_adjusted
2062,AK_US,4.0,12.174,12,4.0,1.05,0.055,839.4867064678066,exp_to_2050_then_logistic_adjusted
2063,AK_US,4.0,12.834,13,4.0,1.05,0.055,839.4867064678066,exp_to_2050_then_logistic_adjusted
2064,AK_US,4.0,13.529,14,4.0,1.05,0.055,839.4867064678066,exp_to_2050_then_logistic_adjusted
2065,AK_US,4.0,14.261,14,4.0,1.05,0.055,839.4867064678066,exp_to_2050_then_logistic_adjusted
2066,AK_US,4.0,15.032,15,4.0,1.05,0.055,839.4867064678066,exp_to_2050_then_logistic_adjusted
2067,AK_US,4.0,15.844,16,4.0,1.05,0.055,839.4867064678066,exp_to_2050_then_logistic_adjusted
2068,AK_US,4.0,16.699,17,4.0,1.05,0.055,839.4867064678066,exp_to_2050_then_logistic_adjusted
2069,AK_US,4.0,17.599,18,4.0,1.05,0.055,839.4867064678066,exp_to_2050_then_logistic_adjusted
2070,AK_US,4.0,18.547,19,4.0,1.05,0.055,839.4867064678066,exp_to_2050_then_logistic_adjusted
2071,AK_US,4.0,19.545,20,4.0,1.05,0.055,839.4867064678066,exp_to_2050_then_logistic_adjusted
2072,AK_US,4.0,20.595,21,4.0,1.05,0.055,839.4867064678066,exp_to_2050_then_logistic_adjusted
2073,AK_US,4.0,21.699,22,4.0,1.05,0.055,839.4867064678066,exp_to_2050_then_logistic_adjusted
2074,AK_US,4.0,22.862,23,4.0,1.05,0.055,839.4867064678066,exp_to_2050_then_logistic_adjusted
2075,AK_US,4.0,24.085,24,4.0,1.05,0.055,839.4867064678066,exp_to_2050_then_logistic_adjusted
2076,AK_US,4.0,25.372,25,4.0,1.05,0.055,839.4867064678066,exp_to_2050_then_logistic_adjusted
2077,AK_US,4.0,26.725,27,4.0,1.05,0.055,839.4867064678066,exp_to_2050_then_logistic_adjusted
2078,AK_US,4.0,28.148,28,4.0,1.05,0.055,839.4867064678066,exp_to_2050_then_logistic_adjusted
2079,AK_US,4.0,29.644,30,4.0,1.05,0.055,839.4867064678066,exp_to_2050_then_logistic_adjusted
2080,AK_US,4.0,31.217,31,4.0,1.05,0.055,839.4867064678066,exp_to_2050_then_logistic_adjusted
2081,AK_US,4.0,32.87,33,4.0,1.05,0.055,839.4867064678066,exp_to_2050_then_logistic_adjusted
2082,AK_US,4.0,34.608,35,4.0,1.05,0.055,839.4867064678066,exp_to_2050_then_logistic_adjusted
2083,AK_US,4.0,36.433,36,4.0,1.05,0.055,839.4867064678066,exp_to_2050_then_logistic_adjusted
2084,AK_US,4.0,38.349,38,4.0,1.05,0.055,839.4867064678066,exp_to_2050_then_logistic_adjusted
2085,AK_US,4.0,40.362,40,4.0,1.05,0.055,839.4867064678066,exp_to_2050_then_logistic_adjusted
2086,AK_US,4.0,42.475,42,4.0,1.05,0.055,839.4867064678066,exp_to_2050_then_logistic_adjusted
2087,AK_US,4.0,44.693,45,4.0,1.05,0.055,839.4867064678066,exp_to_2050_then_logistic_adjusted
2088,AK_US,4.0,47.021,47,4.0,1.05,0.055,839.4867064678066,exp_to_2050_then_logistic_adjusted
2089,AK_US,4.0,49.462,49,4.0,1.05,0.055,839.4867064678066,exp_to_2050_then_logistic_adjusted
2090,AK_US,4.0,52.022,52,4.0,1.05,0.055,839.4867064678066,exp_to_2050_then_logistic_adjusted
2091,AK_US,4.0,54.706,55,4.0,1.05,0.055,839.4867064678066,exp_to_2050_then_logistic_adjusted
2092,AK_US,4.0,57.519,58,4.0,1.05,0.055,839.4867064678066,exp_to_2050_then_logistic_adjusted
2093,AK_US,4.0,60.465,60,4.0,1.05,0.055,839.4867064678066,exp_to_2050_then_logistic_adjusted
2094,AK_US,4.0,63.551,64,4.0,1.05,0.055,839.4867064678066,exp_to_2050_then_logistic_adjusted
2095,AK_US,4.0,66.782,67,4.0,1.05,0.055,839.4867064678066,exp_to_2050_then_logistic_adjusted
2096,AK_US,4.0,70.163,70,4.0,1.05,0.055,839.4867064678066,exp_to_2050_then_logistic_adjusted
2097,AK_US,4.0,73.699,74,4.0,1.05,0.055,839.4867064678066,exp_to_2050_then_logistic_adjusted
2098,AK_US,4.0,77.397,77,4.0,1.05,0.055,839.4867064678066,exp_to_2050_then_logistic_adjusted
2099,AK_US,4.0,81.261,81,4.0,1.05,0.055,839.4867064678066,exp_to_2050_then_logistic_adjusted
2100,AK_US,4.0,85.298,85,4.0,1.05,0.055,839.4867064678066,exp_to_2050_then_logistic_adjusted
2025,GF_FR,7.0,7.0,7,7.0,1.1,0.055,1535.8790879695098,exp_to_2050_then_logistic_adjusted
2026,GF_FR,7.0,7.141,7,7.0,1.1,0.055,1535.8790879695098,exp_to_2050_then_logistic_adjusted
2027,GF_FR,7.0,7.285,7,7.0,1.1,0.055,1535.8790879695098,exp_to_2050_then_logistic_adjusted
2028,GF_FR,7.0,7.432,7,7.0,1.1,0.055,1535.8790879695098,exp_to_2050_then_logistic_adjusted
2029,GF_FR,7.0,7.582,8,7.0,1.1,0.055,1535.8790879695098,exp_to_2050_then_logistic_adjusted
2030,GF_FR,7.0,7.736,8,7.0,1.1,0.055,1535.8790879695098,exp_to_2050_then_logistic_adjusted
2031,GF_FR,7.0,7.892,8,7.0,1.1,0.055,1535.8790879695098,exp_to_2050_then_logistic_adjusted
2032,GF_FR,7.0,8.051,8,7.0,1.1,0.055,1535.8790879695098,exp_to_2050_then_logistic_adjusted
2033,GF_FR,7.0,8.213,8,7.0,1.1,0.055,1535.8790879695098,exp_to_2050_then_logistic_adjusted
2034,GF_FR,7.0,8.379,8,7.0,1.1,0.055,1535.8790879695098,exp_to_2050_then_logistic_adjusted
2035,GF_FR,7.0,8.548,9,7.0,1.1,0.055,1535.8790879695098,exp_to_2050_then_logistic_adjusted
2036,GF_FR,7.0,8.721,9,7.0,1.1,0.055,1535.8790879695098,exp_to_2050_then_logistic_adjusted
2037,GF_FR,7.0,8.897,9,7.0,1.1,0.055,1535.8790879695098,exp_to_2050_then_logistic_adjusted
2038,GF_FR,7.0,9.076,9,7.0,1.1,0.055,1535.8790879695098,exp_to_2050_then_logistic_adjusted
2039,GF_FR,7.0,9.26,9,7.0,1.1,0.055,1535.8790879695098,exp_to_2050_then_logistic_adjusted
2040,GF_FR,7.0,9.447,9,7.0,1.1,0.055,1535.8790879695098,exp_to_2050_then_logistic_adjusted
2041,GF_FR,7.0,9.637,10,7.0,1.1,0.055,1535.8790879695098,exp_to_2050_then_logistic_adjusted
2042,GF_FR,7.0,9.832,10,7.0,1.1,0.055,1535.8790879695098,exp_to_2050_then_logistic_adjusted
2043,GF_FR,7.0,10.03,10,7.0,1.1,0.055,1535.8790879695098,exp_to_2050_then_logistic_adjusted
2044,GF_FR,7.0,10.233,10,7.0,1.1,0.055,1535.8790879695098,exp_to_2050_then_logistic_adjusted
2045,GF_FR,7.0,10.439,10,7.0,1.1,0.055,1535.8790879695098,exp_to_2050_then_logistic_adjusted
2046,GF_FR,7.0,10.65,11,7.0,1.1,0.055,1535.8790879695098,exp_to_2050_then_logistic_adjusted
2047,GF_FR,7.0,10.865,11,7.0,1.1,0.055,1535.8790879695098,exp_to_2050_then_logistic_adjusted
2048,GF_FR,7.0,11.084,11,7.0,1.1,0.055,1535.8790879695098,exp_to_2050_then_logistic_adjusted
2049,GF_FR,7.0,11.308,11,7.0,1.1,0.055,1535.8790879695098,exp_to_2050_then_logistic_adjusted
2050,GF_FR,7.0,11.536,12,7.0,1.1,0.055,1535.8790879695098,exp_to_2050_then_logistic_adjusted
2051,GF_FR,7.0,12.166,12,7.0,1.1,0.055,1535.8790879695098,exp_to_2050_then_logistic_adjusted
2052,GF_FR,7.0,12.83,13,7.0,1.1,0.055,1535.8790879695098,exp_to_2050_then_logistic_adjusted
2053,GF_FR,7.0,13.529,14,7.0,1.1,0.055,1535.8790879695098,exp_to_2050_then_logistic_adjusted
2054,GF_FR,7.0,14.267,14,7.0,1.1,0.055,1535.8790879695098,exp_to_2050_then_logistic_adjusted
2055,GF_FR,7.0,15.044,15,7.0,1.1,0.055,1535.8790879695098,exp_to_2050_then_logistic_adjusted
2056,GF_FR,7.0,15.864,16,7.0,1.1,0.055,1535.8790879695098,exp_to_2050_then_logistic_adjusted
2057,GF_FR,7.0,16.727,17,7.0,1.1,0.055,1535.8790879695098,exp_to_2050_then_logistic_adjusted
2058,GF_FR,7.0,17.637,18,7.0,1.1,0.055,1535.8790879695098,exp_to_2050_then_logistic_adjusted
2059,GF_FR,7.0,18.596,19,7.0,1.1,0.055,1535.8790879695098,exp_to_2050_then_logistic_adjusted
2060,GF_FR,7.0,19.606,20,7.0,1.1,0.055,1535.8790879695098,exp_to_2050_then_logistic_adjusted
2061,GF_FR,7.0,20.671,21,7.0,1.1,0.055,1535.8790879695098,exp_to_2050_then_logistic_adjusted
2062,GF_FR,7.0,21.792,22,7.0,1.1,0.055,1535.8790879695098,exp_to_2050_then_logistic_adjusted
2063,GF_FR,7.0,22.974,23,7.0,1.1,0.055,1535.8790879695098,exp_to_2050_then_logistic_adjusted
2064,GF_FR,7.0,24.219,24,7.0,1.1,0.055,1535.8790879695098,exp_to_2050_then_logistic_adjusted
2065,GF_FR,7.0,25.53,26,7.0,1.1,0.055,1535.8790879695098,exp_to_2050_then_logistic_adjusted
2066,GF_FR,7.0,26.91,27,7.0,1.1,0.055,1535.8790879695098,exp_to_2050_then_logistic_adjusted
2067,GF_FR,7.0,28.365,28,7.0,1.1,0.055,1535.8790879695098,exp_to_2050_then_logistic_adjusted
2068,GF_FR,7.0,29.896,30,7.0,1.1,0.055,1535.8790879695098,exp_to_2050_then_logistic_adjusted
2069,GF_FR,7.0,31.508,32,7.0,1.1,0.055,1535.8790879695098,exp_to_2050_then_logistic_adjusted
2070,GF_FR,7.0,33.206,33,7.0,1.1,0.055,1535.8790879695098,exp_to_2050_then_logistic_adjusted
2071,GF_FR,7.0,34.992,35,7.0,1.1,0.055,1535.8790879695098,exp_to_2050_then_logistic_adjusted
2072,GF_FR,7.0,36.873,37,7.0,1.1,0.055,1535.8790879695098,exp_to_2050_then_logistic_adjusted
2073,GF_FR,7.0,38.852,39,7.0,1.1,0.055,1535.8790879695098,exp_to_2050_then_logistic_adjusted
2074,GF_FR,7.0,40.935,41,7.0,1.1,0.055,1535.8790879695098,exp_to_2050_then_logistic_adjusted
2075,GF_FR,7.0,43.127,43,7.0,1.1,0.055,1535.8790879695098,exp_to_2050_then_logistic_adjusted
2076,GF_FR,7.0,45.432,45,7.0,1.1,0.055,1535.8790879695098,exp_to_2050_then_logistic_adjusted
2077,GF_FR,7.0,47.857,48,7.0,1.1,0.055,1535.8790879695098,exp_to_2050_then_logistic_adjusted
2078,GF_FR,7.0,50.407,50,7.0,1.1,0.055,1535.8790879695098,exp_to_2050_then_logistic_adjusted
2079,GF_FR,7.0,53.088,53,7.0,1.1,0.055,1535.8790879695098,exp_to_2050_then_logistic_adjusted
2080,GF_FR,7.0,55.907,56,7.0,1.1,0.055,1535.8790879695098,exp_to_2050_then_logistic_adjusted
2081,GF_FR,7.0,58.87,59,7.0,1.1,0.055,1535.8790879695098,exp_to_2050_then_logistic_adjusted
2082,GF_FR,7.0,61.984,62,7.0,1.1,0.055,1535.8790879695098,exp_to_2050_then_logistic_adjusted
2083,GF_FR,7.0,65.256,65,7.0,1.1,0.055,1535.8790879695098,exp_to_2050_then_logistic_adjusted
2084,GF_FR,7.0,68.692,69,7.0,1.1,0.055,1535.8790879695098,exp_to_2050_then_logistic_adjusted
2085,GF_FR,7.0,72.301,72,7.0,1.1,0.055,1535.8790879695098,exp_to_2050_then_logistic_adjusted
2086,GF_FR,7.0,76.091,76,7.0,1.1,0.055,1535.8790879695098,exp_to_2050_then_logistic_adjusted
2087,GF_FR,7.0,80.068,80,7.0,1.1,0.055,1535.8790879695098,exp_to_2050_then_logistic_adjusted
2088,GF_FR,7.0,84.243,84,7.0,1.1,0.055,1535.8790879695098,exp_to_2050_then_logistic_adjusted
2089,GF_FR,7.0,88.622,89,7.0,1.1,0.055,1535.8790879695098,exp_to_2050_then_logistic_adjusted
2090,GF_FR,7.0,93.215,93,7.0,1.1,0.055,1535.8790879695098,exp_to_2050_then_logistic_adjusted
2091,GF_FR,7.0,98.03,98,7.0,1.1,0.055,1535.8790879695098,exp_to_2050_then_logistic_adjusted
2092,GF_FR,7.0,103.078,103,7.0,1.1,0.055,1535.8790879695098,exp_to_2050_then_logistic_adjusted
2093,GF_FR,7.0,108.367,108,7.0,1.1,0.055,1535.8790879695098,exp_to_2050_then_logistic_adjusted
2094,GF_FR,7.0,113.906,114,7.0,1.1,0.055,1535.8790879695098,exp_to_2050_then_logistic_adjusted
2095,GF_FR,7.0,119.707,120,7.0,1.1,0.055,1535.8790879695098,exp_to_2050_then_logistic_adjusted
2096,GF_FR,7.0,125.777,126,7.0,1.1,0.055,1535.8790879695098,exp_to_2050_then_logistic_adjusted
2097,GF_FR,7.0,132.128,132,7.0,1.1,0.055,1535.8790879695098,exp_to_2050_then_logistic_adjusted
2098,GF_FR,7.0,138.77,139,7.0,1.1,0.055,1535.8790879695098,exp_to_2050_then_logistic_adjusted
2099,GF_FR,7.0,145.713,146,7.0,1.1,0.055,1535.8790879695098,exp_to_2050_then_logistic_adjusted
2100,GF_FR,7.0,152.967,153,7.0,1.1,0.055,1535.8790879695098,exp_to_2050_then_logistic_adjusted
2025,KZ_KAZ,7.0,7.0,7,7.0,1.0,0.045,1335.547033016965,exp_to_2050_then_logistic_adjusted
2026,KZ_KAZ,7.0,7.128,7,7.0,1.0,0.045,1335.547033016965,exp_to_2050_then_logistic_adjusted
2027,KZ_KAZ,7.0,7.259,7,7.0,1.0,0.045,1335.547033016965,exp_to_2050_then_logistic_adjusted
2028,KZ_KAZ,7.0,7.392,7,7.0,1.0,0.045,1335.547033016965,exp_to_2050_then_logistic_adjusted
2029,KZ_KAZ,7.0,7.528,8,7.0,1.0,0.045,1335.547033016965,exp_to_2050_then_logistic_adjusted
2030,KZ_KAZ,7.0,7.666,8,7.0,1.0,0.045,1335.547033016965,exp_to_2050_then_logistic_adjusted
2031,KZ_KAZ,7.0,7.807,8,7.0,1.0,0.045,1335.547033016965,exp_to_2050_then_logistic_adjusted
2032,KZ_KAZ,7.0,7.95,8,7.0,1.0,0.045,1335.547033016965,exp_to_2050_then_logistic_adjusted
2033,KZ_KAZ,7.0,8.096,8,7.0,1.0,0.045,1335.547033016965,exp_to_2050_then_logistic_adjusted
2034,KZ_KAZ,7.0,8.245,8,7.0,1.0,0.045,1335.547033016965,exp_to_2050_then_logistic_adjusted
2035,KZ_KAZ,7.0,8.396,8,7.0,1.0,0.045,1335.547033016965,exp_to_2050_then_logistic_adjusted
2036,KZ_KAZ,7.0,8.55,9,7.0,1.0,0.045,1335.547033016965,exp_to_2050_then_logistic_adjusted
2037,KZ_KAZ,7.0,8.707,9,7.0,1.0,0.045,1335.547033016965,exp_to_2050_then_logistic_adjusted
2038,KZ_KAZ,7.0,8.867,9,7.0,1.0,0.045,1335.547033016965,exp_to_2050_then_logistic_adjusted
2039,KZ_KAZ,7.0,9.029,9,7.0,1.0,0.045,1335.547033016965,exp_to_2050_then_logistic_adjusted
2040,KZ_KAZ,7.0,9.195,9,7.0,1.0,0.045,1335.547033016965,exp_to_2050_then_logistic_adjusted
2041,KZ_KAZ,7.0,9.364,9,7.0,1.0,0.045,1335.547033016965,exp_to_2050_then_logistic_adjusted
2042,KZ_KAZ,7.0,9.535,10,7.0,1.0,0.045,1335.547033016965,exp_to_2050_then_logistic_adjusted
2043,KZ_KAZ,7.0,9.71,10,7.0,1.0,0.045,1335.547033016965,exp_to_2050_then_logistic_adjusted
2044,KZ_KAZ,7.0,9.889,10,7.0,1.0,0.045,1335.547033016965,exp_to_2050_then_logistic_adjusted
2045,KZ_KAZ,7.0,10.07,10,7.0,1.0,0.045,1335.547033016965,exp_to_2050_then_logistic_adjusted
2046,KZ_KAZ,7.0,10.255,10,7.0,1.0,0.045,1335.547033016965,exp_to_2050_then_logistic_adjusted
2047,KZ_KAZ,7.0,10.443,10,7.0,1.0,0.045,1335.547033016965,exp_to_2050_then_logistic_adjusted
2048,KZ_KAZ,7.0,10.635,11,7.0,1.0,0.045,1335.547033016965,exp_to_2050_then_logistic_adjusted
2049,KZ_KAZ,7.0,10.83,11,7.0,1.0,0.045,1335.547033016965,exp_to_2050_then_logistic_adjusted
2050,KZ_KAZ,7.0,11.028,11,7.0,1.0,0.045,1335.547033016965,exp_to_2050_then_logistic_adjusted
2051,KZ_KAZ,7.0,11.521,12,7.0,1.0,0.045,1335.547033016965,exp_to_2050_then_logistic_adjusted
2052,KZ_KAZ,7.0,12.034,12,7.0,1.0,0.045,1335.547033016965,exp_to_2050_then_logistic_adjusted
2053,KZ_KAZ,7.0,12.571,13,7.0,1.0,0.045,1335.547033016965,exp_to_2050_then_logistic_adjusted
2054,KZ_KAZ,7.0,13.132,13,7.0,1.0,0.045,1335.547033016965,exp_to_2050_then_logistic_adjusted
2055,KZ_KAZ,7.0,13.717,14,7.0,1.0,0.045,1335.547033016965,exp_to_2050_then_logistic_adjusted
2056,KZ_KAZ,7.0,14.328,14,7.0,1.0,0.045,1335.547033016965,exp_to_2050_then_logistic_adjusted
2057,KZ_KAZ,7.0,14.965,15,7.0,1.0,0.045,1335.547033016965,exp_to_2050_then_logistic_adjusted
2058,KZ_KAZ,7.0,15.631,16,7.0,1.0,0.045,1335.547033016965,exp_to_2050_then_logistic_adjusted
2059,KZ_KAZ,7.0,16.326,16,7.0,1.0,0.045,1335.547033016965,exp_to_2050_then_logistic_adjusted
2060,KZ_KAZ,7.0,17.052,17,7.0,1.0,0.045,1335.547033016965,exp_to_2050_then_logistic_adjusted
2061,KZ_KAZ,7.0,17.81,18,7.0,1.0,0.045,1335.547033016965,exp_to_2050_then_logistic_adjusted
2062,KZ_KAZ,7.0,18.6,19,7.0,1.0,0.045,1335.547033016965,exp_to_2050_then_logistic_adjusted
2063,KZ_KAZ,7.0,19.426,19,7.0,1.0,0.045,1335.547033016965,exp_to_2050_then_logistic_adjusted
2064,KZ_KAZ,7.0,20.287,20,7.0,1.0,0.045,1335.547033016965,exp_to_2050_then_logistic_adjusted
2065,KZ_KAZ,7.0,21.186,21,7.0,1.0,0.045,1335.547033016965,exp_to_2050_then_logistic_adjusted
2066,KZ_KAZ,7.0,22.125,22,7.0,1.0,0.045,1335.547033016965,exp_to_2050_then_logistic_adjusted
2067,KZ_KAZ,7.0,23.104,23,7.0,1.0,0.045,1335.547033016965,exp_to_2050_then_logistic_adjusted
2068,KZ_KAZ,7.0,24.125,24,7.0,1.0,0.045,1335.547033016965,exp_to_2050_then_logistic_adjusted
2069,KZ_KAZ,7.0,25.191,25,7.0,1.0,0.045,1335.547033016965,exp_to_2050_then_logistic_adjusted
2070,KZ_KAZ,7.0,26.304,26,7.0,1.0,0.045,1335.547033016965,exp_to_2050_then_logistic_adjusted
2071,KZ_KAZ,7.0,27.464,27,7.0,1.0,0.045,1335.547033016965,exp_to_2050_then_logistic_adjusted
2072,KZ_KAZ,7.0,28.674,29,7.0,1.0,0.045,1335.547033016965,exp_to_2050_then_logistic_adjusted
2073,KZ_KAZ,7.0,29.937,30,7.0,1.0,0.045,1335.547033016965,exp_to_2050_then_logistic_adjusted
2074,KZ_KAZ,7.0,31.254,31,7.0,1.0,0.045,1335.547033016965,exp_to_2050_then_logistic_adjusted
2075,KZ_KAZ,7.0,32.628,33,7.0,1.0,0.045,1335.547033016965,exp_to_2050_then_logistic_adjusted
2076,KZ_KAZ,7.0,34.06,34,7.0,1.0,0.045,1335.547033016965,exp_to_2050_then_logistic_adjusted
2077,KZ_KAZ,7.0,35.554,36,7.0,1.0,0.045,1335.547033016965,exp_to_2050_then_logistic_adjusted
2078,KZ_KAZ,7.0,37.111,37,7.0,1.0,0.045,1335.547033016965,exp_to_2050_then_logistic_adjusted
2079,KZ_KAZ,7.0,38.734,39,7.0,1.0,0.045,1335.547033016965,exp_to_2050_then_logistic_adjusted
2080,KZ_KAZ,7.0,40.427,40,7.0,1.0,0.045,1335.547033016965,exp_to_2050_then_logistic_adjusted
2081,KZ_KAZ,7.0,42.191,42,7.0,1.0,0.045,1335.547033016965,exp_to_2050_then_logistic_adjusted
2082,KZ_KAZ,7.0,44.03,44,7.0,1.0,0.045,1335.547033016965,exp_to_2050_then_logistic_adjusted
2083,KZ_KAZ,7.0,45.946,46,7.0,1.0,0.045,1335.547033016965,exp_to_2050_then_logistic_adjusted
2084,KZ_KAZ,7.0,47.942,48,7.0,1.0,0.045,1335.547033016965,exp_to_2050_then_logistic_adjusted
2085,KZ_KAZ,7.0,50.022,50,7.0,1.0,0.045,1335.547033016965,exp_to_2050_then_logistic_adjusted
2086,KZ_KAZ,7.0,52.189,52,7.0,1.0,0.045,1335.547033016965,exp_to_2050_then_logistic_adjusted
2087,KZ_KAZ,7.0,54.445,54,7.0,1.0,0.045,1335.547033016965,exp_to_2050_then_logistic_adjusted
2088,KZ_KAZ,7.0,56.796,57,7.0,1.0,0.045,1335.547033016965,exp_to_2050_then_logistic_adjusted
2089,KZ_KAZ,7.0,59.243,59,7.0,1.0,0.045,1335.547033016965,exp_to_2050_then_logistic_adjusted
2090,KZ_KAZ,7.0,61.79,62,7.0,1.0,0.045,1335.547033016965,exp_to_2050_then_logistic_adjusted
2091,KZ_KAZ,7.0,64.442,64,7.0,1.0,0.045,1335.547033016965,exp_to_2050_then_logistic_adjusted
2092,KZ_KAZ,7.0,67.202,67,7.0,1.0,0.045,1335.547033016965,exp_to_2050_then_logistic_adjusted
2093,KZ_KAZ,7.0,70.074,70,7.0,1.0,0.045,1335.547033016965,exp_to_2050_then_logistic_adjusted
2094,KZ_KAZ,7.0,73.062,73,7.0,1.0,0.045,1335.547033016965,exp_to_2050_then_logistic_adjusted
2095,KZ_KAZ,7.0,76.17,76,7.0,1.0,0.045,1335.547033016965,exp_to_2050_then_logistic_adjusted
2096,KZ_KAZ,7.0,79.402,79,7.0,1.0,0.045,1335.547033016965,exp_to_2050_then_logistic_adjusted
2097,KZ_KAZ,7.0,82.763,83,7.0,1.0,0.045,1335.547033016965,exp_to_2050_then_logistic_adjusted
2098,KZ_KAZ,7.0,86.256,86,7.0,1.0,0.045,1335.547033016965,exp_to_2050_then_logistic_adjusted
2099,KZ_KAZ,7.0,89.887,90,7.0,1.0,0.045,1335.547033016965,exp_to_2050_then_logistic_adjusted
2100,KZ_KAZ,7.0,93.66,94,7.0,1.0,0.045,1335.547033016965,exp_to_2050_then_logistic_adjusted
2025,IN_IND,8.0,8.0,8,8.0,1.05,0.06,1907.9243328813786,exp_to_2050_then_logistic_adjusted
2026,IN_IND,8.0,8.154,8,8.0,1.05,0.06,1907.9243328813786,exp_to_2050_then_logistic_adjusted
2027,IN_IND,8.0,8.311,8,8.0,1.05,0.06,1907.9243328813786,exp_to_2050_then_logistic_adjusted
2028,IN_IND,8.0,8.471,8,8.0,1.05,0.06,1907.9243328813786,exp_to_2050_then_logistic_adjusted
2029,IN_IND,8.0,8.635,9,8.0,1.05,0.06,1907.9243328813786,exp_to_2050_then_logistic_adjusted
2030,IN_IND,8.0,8.801,9,8.0,1.05,0.06,1907.9243328813786,exp_to_2050_then_logistic_adjusted
2031,IN_IND,8.0,8.97,9,8.0,1.05,0.06,1907.9243328813786,exp_to_2050_then_logistic_adjusted
2032,IN_IND,8.0,9.143,9,8.0,1.05,0.06,1907.9243328813786,exp_to_2050_then_logistic_adjusted
2033,IN_IND,8.0,9.319,9,8.0,1.05,0.06,1907.9243328813786,exp_to_2050_then_logistic_adjusted
2034,IN_IND,8.0,9.499,9,8.0,1.05,0.06,1907.9243328813786,exp_to_2050_then_logistic_adjusted
2035,IN_IND,8.0,9.682,10,8.0,1.05,0.06,1907.9243328813786,exp_to_2050_then_logistic_adjusted
2036,IN_IND,8.0,9.869,10,8.0,1.05,0.06,1907.9243328813786,exp_to_2050_then_logistic_adjusted
2037,IN_IND,8.0,10.059,10,8.0,1.05,0.06,1907.9243328813786,exp_to_2050_then_logistic_adjusted
2038,IN_IND,8.0,10.252,10,8.0,1.05,0.06,1907.9243328813786,exp_to_2050_then_logistic_adjusted
2039,IN_IND,8.0,10.45,10,8.0,1.05,0.06,1907.9243328813786,exp_to_2050_then_logistic_adjusted
2040,IN_IND,8.0,10.651,11,8.0,1.05,0.06,1907.9243328813786,exp_to_2050_then_logistic_adjusted
2041,IN_IND,8.0,10.857,11,8.0,1.05,0.06,1907.9243328813786,exp_to_2050_then_logistic_adjusted
2042,IN_IND,8.0,11.066,11,8.0,1.05,0.06,1907.9243328813786,exp_to_2050_then_logistic_adjusted
2043,IN_IND,8.0,11.279,11,8.0,1.05,0.06,1907.9243328813786,exp_to_2050_then_logistic_adjusted
2044,IN_IND,8.0,11.496,11,8.0,1.05,0.06,1907.9243328813786,exp_to_2050_then_logistic_adjusted
2045,IN_IND,8.0,11.718,12,8.0,1.05,0.06,1907.9243328813786,exp_to_2050_then_logistic_adjusted
2046,IN_IND,8.0,11.943,12,8.0,1.05,0.06,1907.9243328813786,exp_to_2050_then_logistic_adjusted
2047,IN_IND,8.0,12.174,12,8.0,1.05,0.06,1907.9243328813786,exp_to_2050_then_logistic_adjusted
2048,IN_IND,8.0,12.408,12,8.0,1.05,0.06,1907.9243328813786,exp_to_2050_then_logistic_adjusted
2049,IN_IND,8.0,12.647,13,8.0,1.05,0.06,1907.9243328813786,exp_to_2050_then_logistic_adjusted
2050,IN_IND,8.0,12.891,13,8.0,1.05,0.06,1907.9243328813786,exp_to_2050_then_logistic_adjusted
2051,IN_IND,8.0,13.659,14,8.0,1.05,0.06,1907.9243328813786,exp_to_2050_then_logistic_adjusted
2052,IN_IND,8.0,14.473,14,8.0,1.05,0.06,1907.9243328813786,exp_to_2050_then_logistic_adjusted
2053,IN_IND,8.0,15.334,15,8.0,1.05,0.06,1907.9243328813786,exp_to_2050_then_logistic_adjusted
2054,IN_IND,8.0,16.247,16,8.0,1.05,0.06,1907.9243328813786,exp_to_2050_then_logistic_adjusted
2055,IN_IND,8.0,17.214,17,8.0,1.05,0.06,1907.9243328813786,exp_to_2050_then_logistic_adjusted
2056,IN_IND,8.0,18.237,18,8.0,1.05,0.06,1907.9243328813786,exp_to_2050_then_logistic_adjusted
2057,IN_IND,8.0,19.321,19,8.0,1.05,0.06,1907.9243328813786,exp_to_2050_then_logistic_adjusted
2058,IN_IND,8.0,20.468,20,8.0,1.05,0.06,1907.9243328813786,exp_to_2050_then_logistic_adjusted
2059,IN_IND,8.0,21.683,22,8.0,1.05,0.06,1907.9243328813786,exp_to_2050_then_logistic_adjusted
2060,IN_IND,8.0,22.97,23,8.0,1.05,0.06,1907.9243328813786,exp_to_2050_then_logistic_adjusted
2061,IN_IND,8.0,24.331,24,8.0,1.05,0.06,1907.9243328813786,exp_to_2050_then_logistic_adjusted
2062,IN_IND,8.0,25.772,26,8.0,1.05,0.06,1907.9243328813786,exp_to_2050_then_logistic_adjusted
2063,IN_IND,8.0,27.298,27,8.0,1.05,0.06,1907.9243328813786,exp_to_2050_then_logistic_adjusted
2064,IN_IND,8.0,28.912,29,8.0,1.05,0.06,1907.9243328813786,exp_to_2050_then_logistic_adjusted
2065,IN_IND,8.0,30.621,31,8.0,1.05,0.06,1907.9243328813786,exp_to_2050_then_logistic_adjusted
2066,IN_IND,8.0,32.429,32,8.0,1.05,0.06,1907.9243328813786,exp_to_2050_then_logistic_adjusted
2067,IN_IND,8.0,34.341,34,8.0,1.05,0.06,1907.9243328813786,exp_to_2050_then_logistic_adjusted
2068,IN_IND,8.0,36.365,36,8.0,1.05,0.06,1907.9243328813786,exp_to_2050_then_logistic_adjusted
2069,IN_IND,8.0,38.505,39,8.0,1.05,0.06,1907.9243328813786,exp_to_2050_then_logistic_adjusted
2070,IN_IND,8.0,40.768,41,8.0,1.05,0.06,1907.9243328813786,exp_to_2050_then_logistic_adjusted
2071,IN_IND,8.0,43.162,43,8.0,1.05,0.06,1907.9243328813786,exp_to_2050_then_logistic_adjusted
2072,IN_IND,8.0,45.693,46,8.0,1.05,0.06,1907.9243328813786,exp_to_2050_then_logistic_adjusted
2073,IN_IND,8.0,48.369,48,8.0,1.05,0.06,1907.9243328813786,exp_to_2050_then_logistic_adjusted
2074,IN_IND,8.0,51.198,51,8.0,1.05,0.06,1907.9243328813786,exp_to_2050_then_logistic_adjusted
2075,IN_IND,8.0,54.187,54,8.0,1.05,0.06,1907.9243328813786,exp_to_2050_then_logistic_adjusted
2076,IN_IND,8.0,57.346,57,8.0,1.05,0.06,1907.9243328813786,exp_to_2050_then_logistic_adjusted
2077,IN_IND,8.0,60.684,61,8.0,1.05,0.06,1907.9243328813786,exp_to_2050_then_logistic_adjusted
2078,IN_IND,8.0,64.209,64,8.0,1.05,0.06,1907.9243328813786,exp_to_2050_then_logistic_adjusted
2079,IN_IND,8.0,67.932,68,8.0,1.05,0.06,1907.9243328813786,exp_to_2050_then_logistic_adjusted
2080,IN_IND,8.0,71.863,72,8.0,1.05,0.06,1907.9243328813786,exp_to_2050_then_logistic_adjusted
2081,IN_IND,8.0,76.012,76,8.0,1.05,0.06,1907.9243328813786,exp_to_2050_then_logistic_adjusted
2082,IN_IND,8.0,80.391,80,8.0,1.05,0.06,1907.9243328813786,exp_to_2050_then_logistic_adjusted
2083,IN_IND,8.0,85.011,85,8.0,1.05,0.06,1907.9243328813786,exp_to_2050_then_logistic_adjusted
2084,IN_IND,8.0,89.885,90,8.0,1.05,0.06,1907.9243328813786,exp_to_2050_then_logistic_adjusted
2085,IN_IND,8.0,95.024,95,8.0,1.05,0.06,1907.9243328813786,exp_to_2050_then_logistic_adjusted
2086,IN_IND,8.0,100.441,100,8.0,1.05,0.06,1907.9243328813786,exp_to_2050_then_logistic_adjusted
2087,IN_IND,8.0,106.15,106,8.0,1.05,0.06,1907.9243328813786,exp_to_2050_then_logistic_adjusted
2088,IN_IND,8.0,112.165,112,8.0,1.05,0.06,1907.9243328813786,exp_to_2050_then_logistic_adjusted
2089,IN_IND,8.0,118.499,118,8.0,1.05,0.06,1907.9243328813786,exp_to_2050_then_logistic_adjusted
2090,IN_IND,8.0,125.168,125,8.0,1.05,0.06,1907.9243328813786,exp_to_2050_then_logistic_adjusted
2091,IN_IND,8.0,132.185,132,8.0,1.05,0.06,1907.9243328813786,exp_to_2050_then_logistic_adjusted
2092,IN_IND,8.0,139.567,140,8.0,1.05,0.06,1907.9243328813786,exp_to_2050_then_logistic_adjusted
2093,IN_IND,8.0,147.328,147,8.0,1.05,0.06,1907.9243328813786,exp_to_2050_then_logistic_adjusted
2094,IN_IND,8.0,155.485,155,8.0,1.05,0.06,1907.9243328813786,exp_to_2050_then_logistic_adjusted
2095,IN_IND,8.0,164.054,164,8.0,1.05,0.06,1907.9243328813786,exp_to_2050_then_logistic_adjusted
2096,IN_IND,8.0,173.051,173,8.0,1.05,0.06,1907.9243328813786,exp_to_2050_then_logistic_adjusted
2097,IN_IND,8.0,182.492,182,8.0,1.05,0.06,1907.9243328813786,exp_to_2050_then_logistic_adjusted
2098,IN_IND,8.0,192.394,192,8.0,1.05,0.06,1907.9243328813786,exp_to_2050_then_logistic_adjusted
2099,IN_IND,8.0,202.774,203,8.0,1.05,0.06,1907.9243328813786,exp_to_2050_then_logistic_adjusted
2100,IN_IND,8.0,213.647,214,8.0,1.05,0.06,1907.9243328813786,exp_to_2050_then_logistic_adjusted
2025,CN_CHN,14.0,14.0,14,14.0,1.1,0.065,3605.976989145806,exp_to_2050_then_logistic_adjusted
2026,CN_CHN,14.0,14.283,14,14.0,1.1,0.065,3605.976989145806,exp_to_2050_then_logistic_adjusted
2027,CN_CHN,14.0,14.571,15,14.0,1.1,0.065,3605.976989145806,exp_to_2050_then_logistic_adjusted
2028,CN_CHN,14.0,14.865,15,14.0,1.1,0.065,3605.976989145806,exp_to_2050_then_logistic_adjusted
2029,CN_CHN,14.0,15.165,15,14.0,1.1,0.065,3605.976989145806,exp_to_2050_then_logistic_adjusted
2030,CN_CHN,14.0,15.471,15,14.0,1.1,0.065,3605.976989145806,exp_to_2050_then_logistic_adjusted
2031,CN_CHN,14.0,15.783,16,14.0,1.1,0.065,3605.976989145806,exp_to_2050_then_logistic_adjusted
2032,CN_CHN,14.0,16.102,16,14.0,1.1,0.065,3605.976989145806,exp_to_2050_then_logistic_adjusted
2033,CN_CHN,14.0,16.427,16,14.0,1.1,0.065,3605.976989145806,exp_to_2050_then_logistic_adjusted
2034,CN_CHN,14.0,16.758,17,14.0,1.1,0.065,3605.976989145806,exp_to_2050_then_logistic_adjusted
2035,CN_CHN,14.0,17.097,17,14.0,1.1,0.065,3605.976989145806,exp_to_2050_then_logistic_adjusted
2036,CN_CHN,14.0,17.442,17,14.0,1.1,0.065,3605.976989145806,exp_to_2050_then_logistic_adjusted
2037,CN_CHN,14.0,17.794,18,14.0,1.1,0.065,3605.976989145806,exp_to_2050_then_logistic_adjusted
2038,CN_CHN,14.0,18.153,18,14.0,1.1,0.065,3605.976989145806,exp_to_2050_then_logistic_adjusted
2039,CN_CHN,14.0,18.519,19,14.0,1.1,0.065,3605.976989145806,exp_to_2050_then_logistic_adjusted
2040,CN_CHN,14.0,18.893,19,14.0,1.1,0.065,3605.976989145806,exp_to_2050_then_logistic_adjusted
2041,CN_CHN,14.0,19.274,19,14.0,1.1,0.065,3605.976989145806,exp_to_2050_then_logistic_adjusted
2042,CN_CHN,14.0,19.663,20,14.0,1.1,0.065,3605.976989145806,exp_to_2050_then_logistic_adjusted
2043,CN_CHN,14.0,20.06,20,14.0,1.1,0.065,3605.976989145806,exp_to_2050_then_logistic_adjusted
2044,CN_CHN,14.0,20.465,20,14.0,1.1,0.065,3605.976989145806,exp_to_2050_then_logistic_adjusted
2045,CN_CHN,14.0,20.878,21,14.0,1.1,0.065,3605.976989145806,exp_to_2050_then_logistic_adjusted
2046,CN_CHN,14.0,21.3,21,14.0,1.1,0.065,3605.976989145806,exp_to_2050_then_logistic_adjusted
2047,CN_CHN,14.0,21.73,22,14.0,1.1,0.065,3605.976989145806,exp_to_2050_then_logistic_adjusted
2048,CN_CHN,14.0,22.168,22,14.0,1.1,0.065,3605.976989145806,exp_to_2050_then_logistic_adjusted
2049,CN_CHN,14.0,22.616,23,14.0,1.1,0.065,3605.976989145806,exp_to_2050_then_logistic_adjusted
2050,CN_CHN,14.0,23.072,23,14.0,1.1,0.065,3605.976989145806,exp_to_2050_then_logistic_adjusted
2051,CN_CHN,14.0,24.562,25,14.0,1.1,0.065,3605.976989145806,exp_to_2050_then_logistic_adjusted
2052,CN_CHN,14.0,26.148,26,14.0,1.1,0.065,3605.976989145806,exp_to_2050_then_logistic_adjusted
2053,CN_CHN,14.0,27.835,28,14.0,1.1,0.065,3605.976989145806,exp_to_2050_then_logistic_adjusted
2054,CN_CHN,14.0,29.63,30,14.0,1.1,0.065,3605.976989145806,exp_to_2050_then_logistic_adjusted
2055,CN_CHN,14.0,31.54,32,14.0,1.1,0.065,3605.976989145806,exp_to_2050_then_logistic_adjusted
2056,CN_CHN,14.0,33.573,34,14.0,1.1,0.065,3605.976989145806,exp_to_2050_then_logistic_adjusted
2057,CN_CHN,14.0,35.735,36,14.0,1.1,0.065,3605.976989145806,exp_to_2050_then_logistic_adjusted
2058,CN_CHN,14.0,38.034,38,14.0,1.1,0.065,3605.976989145806,exp_to_2050_then_logistic_adjusted
2059,CN_CHN,14.0,40.48,40,14.0,1.1,0.065,3605.976989145806,exp_to_2050_then_logistic_adjusted
2060,CN_CHN,14.0,43.082,43,14.0,1.1,0.065,3605.976989145806,exp_to_2050_then_logistic_adjusted
2061,CN_CHN,14.0,45.849,46,14.0,1.1,0.065,3605.976989145806,exp_to_2050_then_logistic_adjusted
2062,CN_CHN,14.0,48.791,49,14.0,1.1,0.065,3605.976989145806,exp_to_2050_then_logistic_adjusted
2063,CN_CHN,14.0,51.92,52,14.0,1.1,0.065,3605.976989145806,exp_to_2050_then_logistic_adjusted
2064,CN_CHN,14.0,55.246,55,14.0,1.1,0.065,3605.976989145806,exp_to_2050_then_logistic_adjusted
2065,CN_CHN,14.0,58.782,59,14.0,1.1,0.065,3605.976989145806,exp_to_2050_then_logistic_adjusted
2066,CN_CHN,14.0,62.541,63,14.0,1.1,0.065,3605.976989145806,exp_to_2050_then_logistic_adjusted
2067,CN_CHN,14.0,66.535,67,14.0,1.1,0.065,3605.976989145806,exp_to_2050_then_logistic_adjusted
2068,CN_CHN,14.0,70.78,71,14.0,1.1,0.065,3605.976989145806,exp_to_2050_then_logistic_adjusted
2069,CN_CHN,14.0,75.291,75,14.0,1.1,0.065,3605.976989145806,exp_to_2050_then_logistic_adjusted
2070,CN_CHN,14.0,80.082,80,14.0,1.1,0.065,3605.976989145806,exp_to_2050_then_logistic_adjusted
2071,CN_CHN,14.0,85.172,85,14.0,1.1,0.065,3605.976989145806,exp_to_2050_then_logistic_adjusted
2072,CN_CHN,14.0,90.578,91,14.0,1.1,0.065,3605.976989145806,exp_to_2050_then_logistic_adjusted
2073,CN_CHN,14.0,96.317,96,14.0,1.1,0.065,3605.976989145806,exp_to_2050_then_logistic_adjusted
2074,CN_CHN,14.0,102.411,102,14.0,1.1,0.065,3605.976989145806,exp_to_2050_then_logistic_adjusted
2075,CN_CHN,14.0,108.878,109,14.0,1.1,0.065,3605.976989145806,exp_to_2050_then_logistic_adjusted
2076,CN_CHN,14.0,115.742,116,14.0,1.1,0.065,3605.976989145806,exp_to_2050_then_logistic_adjusted
2077,CN_CHN,14.0,123.023,123,14.0,1.1,0.065,3605.976989145806,exp_to_2050_then_logistic_adjusted
2078,CN_CHN,14.0,130.747,131,14.0,1.1,0.065,3605.976989145806,exp_to_2050_then_logistic_adjusted
2079,CN_CHN,14.0,138.937,139,14.0,1.1,0.065,3605.976989145806,exp_to_2050_then_logistic_adjusted
2080,CN_CHN,14.0,147.62,148,14.0,1.1,0.065,3605.976989145806,exp_to_2050_then_logistic_adjusted
2081,CN_CHN,14.0,156.823,157,14.0,1.1,0.065,3605.976989145806,exp_to_2050_then_logistic_adjusted
2082,CN_CHN,14.0,166.573,167,14.0,1.1,0.065,3605.976989145806,exp_to_2050_then_logistic_adjusted
2083,CN_CHN,14.0,176.9,177,14.0,1.1,0.065,3605.976989145806,exp_to_2050_then_logistic_adjusted
2084,CN_CHN,14.0,187.835,188,14.0,1.1,0.065,3605.976989145806,exp_to_2050_then_logistic_adjusted
2085,CN_CHN,14.0,199.408,199,14.0,1.1,0.065,3605.976989145806,exp_to_2050_then_logistic_adjusted
2086,CN_CHN,14.0,211.653,212,14.0,1.1,0.065,3605.976989145806,exp_to_2050_then_logistic_adjusted
2087,CN_CHN,14.0,224.603,225,14.0,1.1,0.065,3605.976989145806,exp_to_2050_then_logistic_adjusted
2088,CN_CHN,14.0,238.292,238,14.0,1.1,0.065,3605.976989145806,exp_to_2050_then_logistic_adjusted
2089,CN_CHN,14.0,252.758,253,14.0,1.1,0.065,3605.976989145806,exp_to_2050_then_logistic_adjusted
2090,CN_CHN,14.0,268.036,268,14.0,1.1,0.065,3605.976989145806,exp_to_2050_then_logistic_adjusted
2091,CN_CHN,14.0,284.163,284,14.0,1.1,0.065,3605.976989145806,exp_to_2050_then_logistic_adjusted
2092,CN_CHN,14.0,301.178,301,14.0,1.1,0.065,3605.976989145806,exp_to_2050_then_logistic_adjusted
2093,CN_CHN,14.0,319.119,319,14.0,1.1,0.065,3605.976989145806,exp_to_2050_then_logistic_adjusted
2094,CN_CHN,14.0,338.026,338,14.0,1.1,0.065,3605.976989145806,exp_to_2050_then_logistic_adjusted
2095,CN_CHN,14.0,357.939,358,14.0,1.1,0.065,3605.976989145806,exp_to_2050_then_logistic_adjusted
2096,CN_CHN,14.0,378.895,379,14.0,1.1,0.065,3605.976989145806,exp_to_2050_then_logistic_adjusted
2097,CN_CHN,14.0,400.936,401,14.0,1.1,0.065,3605.976989145806,exp_to_2050_then_logistic_adjusted
2098,CN_CHN,14.0,424.099,424,14.0,1.1,0.065,3605.976989145806,exp_to_2050_then_logistic_adjusted
2099,CN_CHN,14.0,448.423,448,14.0,1.1,0.065,3605.976989145806,exp_to_2050_then_logistic_adjusted
2100,CN_CHN,14.0,473.946,474,14.0,1.1,0.065,3605.976989145806,exp_to_2050_then_logistic_adjusted
2025,NZ_NZL,13.0,13.0,13,13.0,1.1,0.065,3348.4072042068196,exp_to_2050_then_logistic_adjusted
2026,NZ_NZL,13.0,13.262,13,13.0,1.1,0.065,3348.4072042068196,exp_to_2050_then_logistic_adjusted
2027,NZ_NZL,13.0,13.53,14,13.0,1.1,0.065,3348.4072042068196,exp_to_2050_then_logistic_adjusted
2028,NZ_NZL,13.0,13.803,14,13.0,1.1,0.065,3348.4072042068196,exp_to_2050_then_logistic_adjusted
2029,NZ_NZL,13.0,14.082,14,13.0,1.1,0.065,3348.4072042068196,exp_to_2050_then_logistic_adjusted
2030,NZ_NZL,13.0,14.366,14,13.0,1.1,0.065,3348.4072042068196,exp_to_2050_then_logistic_adjusted
2031,NZ_NZL,13.0,14.656,15,13.0,1.1,0.065,3348.4072042068196,exp_to_2050_then_logistic_adjusted
2032,NZ_NZL,13.0,14.952,15,13.0,1.1,0.065,3348.4072042068196,exp_to_2050_then_logistic_adjusted
2033,NZ_NZL,13.0,15.254,15,13.0,1.1,0.065,3348.4072042068196,exp_to_2050_then_logistic_adjusted
2034,NZ_NZL,13.0,15.561,16,13.0,1.1,0.065,3348.4072042068196,exp_to_2050_then_logistic_adjusted
2035,NZ_NZL,13.0,15.875,16,13.0,1.1,0.065,3348.4072042068196,exp_to_2050_then_logistic_adjusted
2036,NZ_NZL,13.0,16.196,16,13.0,1.1,0.065,3348.4072042068196,exp_to_2050_then_logistic_adjusted
2037,NZ_NZL,13.0,16.523,17,13.0,1.1,0.065,3348.4072042068196,exp_to_2050_then_logistic_adjusted
2038,NZ_NZL,13.0,16.856,17,13.0,1.1,0.065,3348.4072042068196,exp_to_2050_then_logistic_adjusted
2039,NZ_NZL,13.0,17.196,17,13.0,1.1,0.065,3348.4072042068196,exp_to_2050_then_logistic_adjusted
2040,NZ_NZL,13.0,17.544,18,13.0,1.1,0.065,3348.4072042068196,exp_to_2050_then_logistic_adjusted
2041,NZ_NZL,13.0,17.898,18,13.0,1.1,0.065,3348.4072042068196,exp_to_2050_then_logistic_adjusted
2042,NZ_NZL,13.0,18.259,18,13.0,1.1,0.065,3348.4072042068196,exp_to_2050_then_logistic_adjusted
2043,NZ_NZL,13.0,18.627,19,13.0,1.1,0.065,3348.4072042068196,exp_to_2050_then_logistic_adjusted
2044,NZ_NZL,13.0,19.003,19,13.0,1.1,0.065,3348.4072042068196,exp_to_2050_then_logistic_adjusted
2045,NZ_NZL,13.0,19.387,19,13.0,1.1,0.065,3348.4072042068196,exp_to_2050_then_logistic_adjusted
2046,NZ_NZL,13.0,19.778,20,13.0,1.1,0.065,3348.4072042068196,exp_to_2050_then_logistic_adjusted
2047,NZ_NZL,13.0,20.177,20,13.0,1.1,0.065,3348.4072042068196,exp_to_2050_then_logistic_adjusted
2048,NZ_NZL,13.0,20.585,21,13.0,1.1,0.065,3348.4072042068196,exp_to_2050_then_logistic_adjusted
2049,NZ_NZL,13.0,21.0,21,13.0,1.1,0.065,3348.4072042068196,exp_to_2050_then_logistic_adjusted
2050,NZ_NZL,13.0,21.424,21,13.0,1.1,0.065,3348.4072042068196,exp_to_2050_then_logistic_adjusted
2051,NZ_NZL,13.0,22.808,23,13.0,1.1,0.065,3348.4072042068196,exp_to_2050_then_logistic_adjusted
2052,NZ_NZL,13.0,24.28,24,13.0,1.1,0.065,3348.4072042068196,exp_to_2050_then_logistic_adjusted
2053,NZ_NZL,13.0,25.847,26,13.0,1.1,0.065,3348.4072042068196,exp_to_2050_then_logistic_adjusted
2054,NZ_NZL,13.0,27.514,28,13.0,1.1,0.065,3348.4072042068196,exp_to_2050_then_logistic_adjusted
2055,NZ_NZL,13.0,29.288,29,13.0,1.1,0.065,3348.4072042068196,exp_to_2050_then_logistic_adjusted
2056,NZ_NZL,13.0,31.175,31,13.0,1.1,0.065,3348.4072042068196,exp_to_2050_then_logistic_adjusted
2057,NZ_NZL,13.0,33.182,33,13.0,1.1,0.065,3348.4072042068196,exp_to_2050_then_logistic_adjusted
2058,NZ_NZL,13.0,35.318,35,13.0,1.1,0.065,3348.4072042068196,exp_to_2050_then_logistic_adjusted
2059,NZ_NZL,13.0,37.589,38,13.0,1.1,0.065,3348.4072042068196,exp_to_2050_then_logistic_adjusted
2060,NZ_NZL,13.0,40.005,40,13.0,1.1,0.065,3348.4072042068196,exp_to_2050_then_logistic_adjusted
2061,NZ_NZL,13.0,42.574,43,13.0,1.1,0.065,3348.4072042068196,exp_to_2050_then_logistic_adjusted
2062,NZ_NZL,13.0,45.306,45,13.0,1.1,0.065,3348.4072042068196,exp_to_2050_then_logistic_adjusted
2063,NZ_NZL,13.0,48.211,48,13.0,1.1,0.065,3348.4072042068196,exp_to_2050_then_logistic_adjusted
2064,NZ_NZL,13.0,51.3,51,13.0,1.1,0.065,3348.4072042068196,exp_to_2050_then_logistic_adjusted
2065,NZ_NZL,13.0,54.583,55,13.0,1.1,0.065,3348.4072042068196,exp_to_2050_then_logistic_adjusted
2066,NZ_NZL,13.0,58.073,58,13.0,1.1,0.065,3348.4072042068196,exp_to_2050_then_logistic_adjusted
2067,NZ_NZL,13.0,61.783,62,13.0,1.1,0.065,3348.4072042068196,exp_to_2050_then_logistic_adjusted
2068,NZ_NZL,13.0,65.724,66,13.0,1.1,0.065,3348.4072042068196,exp_to_2050_then_logistic_adjusted
2069,NZ_NZL,13.0,69.913,70,13.0,1.1,0.065,3348.4072042068196,exp_to_2050_then_logistic_adjusted
2070,NZ_NZL,13.0,74.362,74,13.0,1.1,0.065,3348.4072042068196,exp_to_2050_then_logistic_adjusted
2071,NZ_NZL,13.0,79.088,79,13.0,1.1,0.065,3348.4072042068196,exp_to_2050_then_logistic_adjusted
2072,NZ_NZL,13.0,84.108,84,13.0,1.1,0.065,3348.4072042068196,exp_to_2050_then_logistic_adjusted
2073,NZ_NZL,13.0,89.437,89,13.0,1.1,0.065,3348.4072042068196,exp_to_2050_then_logistic_adjusted
2074,NZ_NZL,13.0,95.096,95,13.0,1.1,0.065,3348.4072042068196,exp_to_2050_then_logistic_adjusted
2075,NZ_NZL,13.0,101.101,101,13.0,1.1,0.065,3348.4072042068196,exp_to_2050_then_logistic_adjusted
2076,NZ_NZL,13.0,107.474,107,13.0,1.1,0.065,3348.4072042068196,exp_to_2050_then_logistic_adjusted
2077,NZ_NZL,13.0,114.236,114,13.0,1.1,0.065,3348.4072042068196,exp_to_2050_then_logistic_adjusted
2078,NZ_NZL,13.0,121.408,121,13.0,1.1,0.065,3348.4072042068196,exp_to_2050_then_logistic_adjusted
2079,NZ_NZL,13.0,129.013,129,13.0,1.1,0.065,3348.4072042068196,exp_to_2050_then_logistic_adjusted
2080,NZ_NZL,13.0,137.076,137,13.0,1.1,0.065,3348.4072042068196,exp_to_2050_then_logistic_adjusted
2081,NZ_NZL,13.0,145.621,146,13.0,1.1,0.065,3348.4072042068196,exp_to_2050_then_logistic_adjusted
2082,NZ_NZL,13.0,154.675,155,13.0,1.1,0.065,3348.4072042068196,exp_to_2050_then_logistic_adjusted
2083,NZ_NZL,13.0,164.264,164,13.0,1.1,0.065,3348.4072042068196,exp_to_2050_then_logistic_adjusted
2084,NZ_NZL,13.0,174.418,174,13.0,1.1,0.065,3348.4072042068196,exp_to_2050_then_logistic_adjusted
2085,NZ_NZL,13.0,185.164,185,13.0,1.1,0.065,3348.4072042068196,exp_to_2050_then_logistic_adjusted
2086,NZ_NZL,13.0,196.535,197,13.0,1.1,0.065,3348.4072042068196,exp_to_2050_then_logistic_adjusted
2087,NZ_NZL,13.0,208.56,209,13.0,1.1,0.065,3348.4072042068196,exp_to_2050_then_logistic_adjusted
2088,NZ_NZL,13.0,221.272,221,13.0,1.1,0.065,3348.4072042068196,exp_to_2050_then_logistic_adjusted
2089,NZ_NZL,13.0,234.704,235,13.0,1.1,0.065,3348.4072042068196,exp_to_2050_then_logistic_adjusted
2090,NZ_NZL,13.0,248.89,249,13.0,1.1,0.065,3348.4072042068196,exp_to_2050_then_logistic_adjusted
2091,NZ_NZL,13.0,263.866,264,13.0,1.1,0.065,3348.4072042068196,exp_to_2050_then_logistic_adjusted
2092,NZ_NZL,13.0,279.665,280,13.0,1.1,0.065,3348.4072042068196,exp_to_2050_then_logistic_adjusted
2093,NZ_NZL,13.0,296.325,296,13.0,1.1,0.065,3348.4072042068196,exp_to_2050_then_logistic_adjusted
2094,NZ_NZL,13.0,313.882,314,13.0,1.1,0.065,3348.4072042068196,exp_to_2050_then_logistic_adjusted
2095,NZ_NZL,13.0,332.372,332,13.0,1.1,0.065,3348.4072042068196,exp_to_2050_then_logistic_adjusted
2096,NZ_NZL,13.0,351.831,352,13.0,1.1,0.065,3348.4072042068196,exp_to_2050_then_logistic_adjusted
2097,NZ_NZL,13.0,372.297,372,13.0,1.1,0.065,3348.4072042068196,exp_to_2050_then_logistic_adjusted
2098,NZ_NZL,13.0,393.806,394,13.0,1.1,0.065,3348.4072042068196,exp_to_2050_then_logistic_adjusted
2099,NZ_NZL,13.0,416.393,416,13.0,1.1,0.065,3348.4072042068196,exp_to_2050_then_logistic_adjusted
2100,NZ_NZL,13.0,440.093,440,13.0,1.1,0.065,3348.4072042068196,exp_to_2050_then_logistic_adjusted
2025,TX_US,36.25,36.25,36,36.25,1.15,0.1,12103.394986716245,exp_to_2050_then_logistic_adjusted
2026,TX_US,36.25,37.015,37,36.25,1.15,0.1,12103.394986716245,exp_to_2050_then_logistic_adjusted
2027,TX_US,36.25,37.796,38,36.25,1.15,0.1,12103.394986716245,exp_to_2050_then_logistic_adjusted
2028,TX_US,36.25,38.593,39,36.25,1.15,0.1,12103.394986716245,exp_to_2050_then_logistic_adjusted
2029,TX_US,36.25,39.408,39,36.25,1.15,0.1,12103.394986716245,exp_to_2050_then_logistic_adjusted
2030,TX_US,36.25,40.239,40,36.25,1.15,0.1,12103.394986716245,exp_to_2050_then_logistic_adjusted
2031,TX_US,36.25,41.088,41,36.25,1.15,0.1,12103.394986716245,exp_to_2050_then_logistic_adjusted
2032,TX_US,36.25,41.955,42,36.25,1.15,0.1,12103.394986716245,exp_to_2050_then_logistic_adjusted
2033,TX_US,36.25,42.841,43,36.25,1.15,0.1,12103.394986716245,exp_to_2050_then_logistic_adjusted
2034,TX_US,36.25,43.745,44,36.25,1.15,0.1,12103.394986716245,exp_to_2050_then_logistic_adjusted
2035,TX_US,36.25,44.668,45,36.25,1.15,0.1,12103.394986716245,exp_to_2050_then_logistic_adjusted
2036,TX_US,36.25,45.61,46,36.25,1.15,0.1,12103.394986716245,exp_to_2050_then_logistic_adjusted
2037,TX_US,36.25,46.573,47,36.25,1.15,0.1,12103.394986716245,exp_to_2050_then_logistic_adjusted
2038,TX_US,36.25,47.555,48,36.25,1.15,0.1,12103.394986716245,exp_to_2050_then_logistic_adjusted
2039,TX_US,36.25,48.559,49,36.25,1.15,0.1,12103.394986716245,exp_to_2050_then_logistic_adjusted
2040,TX_US,36.25,49.584,50,36.25,1.15,0.1,12103.394986716245,exp_to_2050_then_logistic_adjusted
2041,TX_US,36.25,50.63,51,36.25,1.15,0.1,12103.394986716245,exp_to_2050_then_logistic_adjusted
2042,TX_US,36.25,51.698,52,36.25,1.15,0.1,12103.394986716245,exp_to_2050_then_logistic_adjusted
2043,TX_US,36.25,52.789,53,36.25,1.15,0.1,12103.394986716245,exp_to_2050_then_logistic_adjusted
2044,TX_US,36.25,53.903,54,36.25,1.15,0.1,12103.394986716245,exp_to_2050_then_logistic_adjusted
2045,TX_US,36.25,55.04,55,36.25,1.15,0.1,12103.394986716245,exp_to_2050_then_logistic_adjusted
2046,TX_US,36.25,56.202,56,36.25,1.15,0.1,12103.394986716245,exp_to_2050_then_logistic_adjusted
2047,TX_US,36.25,57.388,57,36.25,1.15,0.1,12103.394986716245,exp_to_2050_then_logistic_adjusted
2048,TX_US,36.25,58.599,59,36.25,1.15,0.1,12103.394986716245,exp_to_2050_then_logistic_adjusted
2049,TX_US,36.25,59.835,60,36.25,1.15,0.1,12103.394986716245,exp_to_2050_then_logistic_adjusted
2050,TX_US,36.25,61.098,61,36.25,1.15,0.1,12103.394986716245,exp_to_2050_then_logistic_adjusted
2051,TX_US,36.25,67.177,67,36.25,1.15,0.1,12103.394986716245,exp_to_2050_then_logistic_adjusted
2052,TX_US,36.25,73.857,74,36.25,1.15,0.1,12103.394986716245,exp_to_2050_then_logistic_adjusted
2053,TX_US,36.25,81.198,81,36.25,1.15,0.1,12103.394986716245,exp_to_2050_then_logistic_adjusted
2054,TX_US,36.25,89.263,89,36.25,1.15,0.1,12103.394986716245,exp_to_2050_then_logistic_adjusted
2055,TX_US,36.25,98.123,98,36.25,1.15,0.1,12103.394986716245,exp_to_2050_then_logistic_adjusted
2056,TX_US,36.25,107.856,108,36.25,1.15,0.1,12103.394986716245,exp_to_2050_then_logistic_adjusted
2057,TX_US,36.25,118.546,119,36.25,1.15,0.1,12103.394986716245,exp_to_2050_then_logistic_adjusted
2058,TX_US,36.25,130.284,130,36.25,1.15,0.1,12103.394986716245,exp_to_2050_then_logistic_adjusted
2059,TX_US,36.25,143.172,143,36.25,1.15,0.1,12103.394986716245,exp_to_2050_then_logistic_adjusted
2060,TX_US,36.25,157.32,157,36.25,1.15,0.1,12103.394986716245,exp_to_2050_then_logistic_adjusted
2061,TX_US,36.25,172.848,173,36.25,1.15,0.1,12103.394986716245,exp_to_2050_then_logistic_adjusted
2062,TX_US,36.25,189.886,190,36.25,1.15,0.1,12103.394986716245,exp_to_2050_then_logistic_adjusted
2063,TX_US,36.25,208.576,209,36.25,1.15,0.1,12103.394986716245,exp_to_2050_then_logistic_adjusted
2064,TX_US,36.25,229.074,229,36.25,1.15,0.1,12103.394986716245,exp_to_2050_then_logistic_adjusted
2065,TX_US,36.25,251.548,252,36.25,1.15,0.1,12103.394986716245,exp_to_2050_then_logistic_adjusted
2066,TX_US,36.25,276.18,276,36.25,1.15,0.1,12103.394986716245,exp_to_2050_then_logistic_adjusted
2067,TX_US,36.25,303.168,303,36.25,1.15,0.1,12103.394986716245,exp_to_2050_then_logistic_adjusted
2068,TX_US,36.25,332.726,333,36.25,1.15,0.1,12103.394986716245,exp_to_2050_then_logistic_adjusted
2069,TX_US,36.25,365.083,365,36.25,1.15,0.1,12103.394986716245,exp_to_2050_then_logistic_adjusted
2070,TX_US,36.25,400.491,400,36.25,1.15,0.1,12103.394986716245,exp_to_2050_then_logistic_adjusted
2071,TX_US,36.25,439.214,439,36.25,1.15,0.1,12103.394986716245,exp_to_2050_then_logistic_adjusted
2072,TX_US,36.25,481.542,482,36.25,1.15,0.1,12103.394986716245,exp_to_2050_then_logistic_adjusted
2073,TX_US,36.25,527.78,528,36.25,1.15,0.1,12103.394986716245,exp_to_2050_then_logistic_adjusted
2074,TX_US,36.25,578.257,578,36.25,1.15,0.1,12103.394986716245,exp_to_2050_then_logistic_adjusted
2075,TX_US,36.25,633.32,633,36.25,1.15,0.1,12103.394986716245,exp_to_2050_then_logistic_adjusted
2076,TX_US,36.25,693.338,693,36.25,1.15,0.1,12103.394986716245,exp_to_2050_then_logistic_adjusted
2077,TX_US,36.25,758.7,759,36.25,1.15,0.1,12103.394986716245,exp_to_2050_then_logistic_adjusted
2078,TX_US,36.25,829.814,830,36.25,1.15,0.1,12103.394986716245,exp_to_2050_then_logistic_adjusted
2079,TX_US,36.25,907.106,907,36.25,1.15,0.1,12103.394986716245,exp_to_2050_then_logistic_adjusted
2080,TX_US,36.25,991.019,991,36.25,1.15,0.1,12103.394986716245,exp_to_2050_then_logistic_adjusted
2081,TX_US,36.25,1082.006,1082,36.25,1.15,0.1,12103.394986716245,exp_to_2050_then_logistic_adjusted
2082,TX_US,36.25,1180.534,1181,36.25,1.15,0.1,12103.394986716245,exp_to_2050_then_logistic_adjusted
2083,TX_US,36.25,1287.073,1287,36.25,1.15,0.1,12103.394986716245,exp_to_2050_then_logistic_adjusted
2084,TX_US,36.25,1402.093,1402,36.25,1.15,0.1,12103.394986716245,exp_to_2050_then_logistic_adjusted
2085,TX_US,36.25,1526.06,1526,36.25,1.15,0.1,12103.394986716245,exp_to_2050_then_logistic_adjusted
2086,TX_US,36.25,1659.425,1659,36.25,1.15,0.1,12103.394986716245,exp_to_2050_then_logistic_adjusted
2087,TX_US,36.25,1802.616,1803,36.25,1.15,0.1,12103.394986716245,exp_to_2050_then_logistic_adjusted
2088,TX_US,36.25,1956.031,1956,36.25,1.15,0.1,12103.394986716245,exp_to_2050_then_logistic_adjusted
2089,TX_US,36.25,2120.022,2120,36.25,1.15,0.1,12103.394986716245,exp_to_2050_then_logistic_adjusted
2090,TX_US,36.25,2294.89,2295,36.25,1.15,0.1,12103.394986716245,exp_to_2050_then_logistic_adjusted
2091,TX_US,36.25,2480.866,2481,36.25,1.15,0.1,12103.394986716245,exp_to_2050_then_logistic_adjusted
2092,TX_US,36.25,2678.102,2678,36.25,1.15,0.1,12103.394986716245,exp_to_2050_then_logistic_adjusted
2093,TX_US,36.25,2886.654,2887,36.25,1.15,0.1,12103.394986716245,exp_to_2050_then_logistic_adjusted
2094,TX_US,36.25,3106.473,3106,36.25,1.15,0.1,12103.394986716245,exp_to_2050_then_logistic_adjusted
2095,TX_US,36.25,3337.389,3337,36.25,1.15,0.1,12103.394986716245,exp_to_2050_then_logistic_adjusted
2096,TX_US,36.25,3579.103,3579,36.25,1.15,0.1,12103.394986716245,exp_to_2050_then_logistic_adjusted
2097,TX_US,36.25,3831.176,3831,36.25,1.15,0.1,12103.394986716245,exp_to_2050_then_logistic_adjusted
2098,TX_US,36.25,4093.022,4093,36.25,1.15,0.1,12103.394986716245,exp_to_2050_then_logistic_adjusted
2099,TX_US,36.25,4363.91,4364,36.25,1.15,0.1,12103.394986716245,exp_to_2050_then_logistic_adjusted
2100,TX_US,36.25,4642.959,4643,36.25,1.15,0.1,12103.394986716245,exp_to_2050_then_logistic_adjusted
